id,carat,cut,color,clarity,depth,table,price
8,2.05,4,6,1,62.4,57.0,18193
34,2.01,0,1,4,64.9,60.0,13744
42,2.0,1,2,3,64.2,52.0,11400
72,2.0,1,7,3,60.3,56.0,16425
82,2.28,4,1,4,62.7,57.0,16450
93,2.02,2,2,1,60.4,58.0,17357
141,2.0,3,3,3,60.7,60.0,15312
154,2.01,3,2,0,61.5,62.0,15475
165,2.31,3,2,3,62.9,58.0,17218
167,2.01,4,3,1,60.6,57.0,17383
193,2.02,4,3,3,62.7,57.0,15785
233,2.01,2,3,1,60.1,60.0,17476
245,2.0,3,3,3,62.8,57.0,11975
260,2.0,0,5,3,70.2,57.0,15351
300,2.0,2,2,3,63.7,61.0,12221
347,3.51,3,1,4,62.5,59.0,18701
353,2.21,3,3,3,62.9,60.0,13369
380,2.11,3,2,3,58.4,62.0,14615
410,2.08,3,6,3,62.3,59.0,15873
421,2.23,2,4,7,63.5,57.0,7006
423,2.12,4,2,3,61.0,57.0,15647
427,2.09,4,2,1,61.8,56.0,17114
436,2.11,2,2,1,62.4,53.0,14740
443,2.02,3,2,3,61.7,58.0,14350
465,2.35,3,3,1,62.6,60.0,17999
487,2.01,2,2,1,61.7,60.0,13464
533,2.32,4,2,3,62.0,57.0,17516
543,2.01,2,2,1,60.8,60.0,13849
619,2.02,4,5,3,62.7,57.0,13453
641,2.15,4,2,3,61.7,55.0,14519
653,2.11,4,2,1,61.0,57.0,15486
655,2.0,3,6,3,61.8,56.0,18426
656,2.52,0,4,7,66.9,57.0,10076
684,2.03,2,1,2,63.2,60.0,16043
703,2.18,3,1,1,62.9,59.0,13938
743,2.25,2,1,3,60.6,63.0,8442
827,2.2,4,3,3,60.0,58.0,16530
830,2.01,3,2,4,62.7,58.0,16778
860,2.02,4,1,0,61.9,58.0,15231
865,2.01,0,2,4,66.3,57.0,15729
867,3.0,1,1,3,59.3,64.0,14918
877,2.0,1,5,1,63.0,61.0,18376
881,2.09,3,3,1,61.1,56.0,18559
891,2.0,1,1,4,61.4,63.0,13542
893,2.05,4,3,1,62.4,57.0,17294
918,2.03,0,5,1,65.4,58.0,16280
944,2.24,3,3,3,61.4,57.0,16656
952,2.03,3,1,1,62.1,59.0,12862
1004,2.0,4,3,3,61.5,57.0,12587
1028,2.01,4,2,4,64.8,55.0,15729
1031,2.0,3,3,3,58.9,57.0,12210
1044,2.05,2,2,3,59.8,56.0,12839
1082,2.08,3,5,3,62.0,60.0,13437
1119,2.08,3,3,3,58.8,60.0,14462
1170,2.04,3,4,7,62.4,58.0,9905
1191,2.1,3,1,4,61.3,59.0,14359
1229,2.1,3,1,4,58.3,54.0,12401
1271,2.02,3,5,3,61.7,58.0,18320
1280,2.03,4,1,3,63.2,55.0,11951
1377,2.1,3,4,3,62.6,56.0,15175
1379,2.01,4,7,3,62.1,56.0,18674
1424,2.1,3,6,3,62.9,59.0,16783
1471,2.01,2,3,7,61.7,63.0,8104
1485,2.06,3,2,3,62.7,60.0,13198
1509,2.19,1,4,1,63.7,56.0,13978
1512,2.02,2,1,3,62.4,55.0,11757
1523,2.02,4,2,1,62.2,57.0,16704
1549,2.51,2,2,3,62.3,57.0,18090
1579,2.04,1,7,1,61.9,60.0,18468
1585,2.1,3,2,1,61.5,57.0,15007
1598,2.23,3,1,1,62.4,59.0,14258
1623,2.0,2,1,3,61.9,55.0,11792
1658,2.08,3,2,1,60.3,59.0,15065
1672,2.68,3,4,7,58.6,60.0,8419
1693,2.0,3,5,3,61.5,59.0,11413
1704,2.1,2,1,3,59.1,58.0,12381
1719,2.01,2,3,4,63.2,58.0,18507
1749,2.01,1,2,4,65.0,57.0,17497
1756,2.0,4,3,4,61.6,57.0,13531
1761,2.44,3,2,3,61.4,56.0,13027
1767,2.01,2,6,1,60.8,59.0,16956
1777,2.26,4,2,1,62.4,57.0,16904
1793,2.05,4,4,3,59.8,59.0,16446
1818,2.12,3,4,7,60.0,58.0,7508
1850,2.35,3,2,3,61.1,58.0,17294
1852,2.02,3,3,3,61.5,58.0,17166
1860,2.32,2,2,1,63.2,59.0,18371
1864,2.21,3,3,3,61.3,60.0,14299
1969,2.01,2,6,3,63.3,61.0,15618
2000,2.01,0,3,3,64.9,56.0,10184
2034,2.02,1,3,3,60.2,55.0,16565
2100,2.2,4,4,3,62.0,57.0,18168
2109,2.01,1,1,1,63.6,59.0,12369
2122,2.05,3,1,4,62.3,60.0,13543
2124,2.07,3,6,3,61.4,58.0,13786
2138,2.03,4,4,1,63.0,56.0,12618
2150,2.01,4,4,3,62.8,56.0,15841
2165,2.1,1,2,3,62.9,64.0,11818
2209,3.65,0,3,7,67.1,53.0,11668
2239,2.04,3,6,3,58.3,58.0,17379
2294,2.53,0,3,3,64.6,59.0,17103
2329,2.29,2,3,3,63.4,57.0,11502
2342,2.01,2,1,0,60.2,61.0,12845
2359,2.02,4,1,1,62.4,56.0,12591
2361,2.13,3,4,3,60.7,60.0,16931
2379,2.14,3,2,4,60.7,59.0,17038
2410,2.23,3,3,3,59.4,59.0,12921
2415,2.0,4,5,3,62.0,57.0,17871
2427,2.03,3,2,1,59.9,58.0,15095
2430,2.0,0,2,3,69.1,56.0,8736
2511,2.04,3,1,4,60.9,59.0,11209
2527,2.14,1,2,3,63.8,57.0,14452
2606,2.28,3,3,3,62.5,58.0,15413
2660,2.14,4,6,3,62.7,55.0,13065
2691,2.29,3,2,4,60.8,60.0,18653
2721,2.12,3,6,3,62.4,58.0,13884
2777,3.01,0,3,7,56.1,62.0,10761
2781,2.01,3,7,3,59.1,60.0,13811
2808,2.39,4,1,0,62.1,57.0,17365
2845,2.18,2,4,3,63.3,59.0,12377
2846,2.01,3,2,1,60.2,59.0,17474
2856,2.27,4,4,1,61.1,60.0,18343
2945,2.01,3,3,3,61.8,62.0,11646
2992,2.04,2,1,4,59.9,59.0,12095
3007,2.54,4,4,3,62.5,55.0,14421
3021,2.29,4,1,3,62.8,56.0,14500
3028,2.01,3,4,3,61.2,57.2,18705
3038,2.24,3,2,3,61.9,58.0,15375
3050,2.04,2,2,1,63.1,58.0,15412
3073,2.17,1,3,3,58.9,62.0,16036
3079,2.41,4,2,3,62.5,57.0,16987
3111,2.03,4,2,3,60.8,59.0,13398
3128,2.01,1,3,3,63.7,59.0,12423
3233,2.18,4,2,3,61.4,60.0,14870
3238,2.01,3,5,3,62.4,58.0,14279
3250,2.02,2,4,3,63.2,54.0,13554
3255,2.01,3,2,1,60.9,60.0,15528
3284,2.01,0,3,3,65.9,57.0,12617
3307,2.04,3,4,7,62.4,58.0,9727
3311,2.02,2,3,3,58.7,62.0,14795
3319,2.0,2,6,3,63.1,53.0,16380
3322,2.2,3,2,4,62.0,57.0,18364
3337,2.02,3,5,3,62.1,56.0,18678
3383,2.02,3,2,3,62.9,60.0,13991
3392,2.0,3,1,2,63.0,59.0,15214
3406,2.01,1,2,4,63.8,58.0,15147
3431,2.39,4,2,4,62.2,55.0,17955
3553,2.06,4,7,3,60.3,56.0,18371
3605,2.01,3,1,4,61.5,60.0,13228
3610,2.19,3,3,1,62.3,62.0,15801
3621,2.01,1,5,7,64.0,56.0,6686
3666,2.11,3,3,4,60.8,61.0,16395
3699,2.01,4,2,3,62.1,57.0,12338
3804,2.01,0,4,3,65.6,56.0,15562
3819,2.15,2,2,3,63.4,56.0,12100
3840,2.01,4,2,3,61.5,56.0,14103
3846,2.0,0,2,0,58.5,68.0,11322
3856,2.09,2,3,3,60.1,63.0,12295
3904,2.2,4,2,0,61.4,57.0,15092
3906,2.22,3,2,1,59.9,59.0,18432
3965,2.33,4,2,4,62.0,57.0,17504
4001,2.01,2,2,0,63.5,59.0,14792
4025,2.54,3,3,3,61.3,58.0,14717
4038,2.08,3,3,1,62.6,59.0,17778
4041,2.44,2,1,4,60.1,59.0,16533
4046,2.22,2,2,1,62.4,55.0,17160
4053,2.0,1,2,1,63.0,61.0,15072
4104,2.0,0,1,1,66.4,55.0,11189
4106,2.0,1,3,3,63.8,59.0,12554
4114,2.0,3,3,3,61.4,59.0,11108
4144,2.26,3,3,3,61.9,58.0,11226
4168,2.14,3,3,3,62.0,60.0,16723
4174,2.01,2,2,1,61.8,62.0,13691
4197,2.0,3,4,3,61.4,59.0,11544
4231,2.03,3,4,1,61.3,59.0,18423
4232,2.09,3,3,3,62.1,58.0,17001
4237,2.26,3,3,1,60.3,58.0,18426
4304,2.04,3,7,3,61.8,60.0,16872
4322,2.0,1,7,3,63.8,57.0,10528
4335,2.03,3,4,7,61.1,58.0,6377
4341,2.0,3,4,3,60.1,62.0,15485
4355,2.1,0,4,3,61.4,66.0,11946
4408,2.01,4,3,1,61.6,57.0,17403
4436,2.53,4,2,1,62.4,57.0,16709
4469,2.53,3,3,3,62.6,60.0,14659
4516,2.54,2,2,3,62.4,60.0,17996
4519,2.0,2,6,3,63.4,60.0,14763
4533,2.51,1,2,3,63.7,61.0,14209
4569,2.05,1,4,3,63.7,61.0,16295
4650,2.04,2,2,3,62.5,52.0,14477
4662,2.06,3,2,3,61.0,59.0,14982
4700,2.55,3,2,0,61.8,62.0,18766
4730,2.14,4,1,4,62.0,54.0,14802
4743,2.22,3,2,1,62.7,58.0,14095
4757,2.01,3,2,4,62.1,59.0,15379
4796,2.08,4,4,3,61.8,56.0,18124
4816,2.03,2,2,1,62.9,57.0,15153
4847,2.06,3,2,1,60.8,60.0,15494
4861,2.2,2,2,3,60.2,60.0,15424
4876,2.39,2,1,0,59.6,60.0,17920
4927,2.28,3,3,3,62.1,59.0,17892
4936,2.14,3,2,1,61.3,61.0,15913
4986,2.55,1,3,3,63.7,59.0,14775
4994,2.01,4,3,1,59.3,58.0,17403
5000,2.03,2,4,1,61.7,54.0,18507
5005,2.0,1,7,3,64.1,57.0,17094
5040,2.13,4,2,3,62.6,56.0,12356
5079,2.43,3,4,7,61.7,60.0,9716
5110,2.04,2,1,4,63.0,58.0,13609
5120,2.0,3,3,1,61.7,58.0,11200
5121,2.02,3,3,1,62.1,61.0,17265
5128,2.12,4,2,1,62.2,57.0,12284
5131,2.13,3,5,3,61.5,58.0,17045
5144,2.01,3,3,3,61.9,57.0,13199
5148,2.66,1,3,3,63.8,57.0,16239
5159,2.03,4,3,1,64.4,54.0,16900
5188,2.06,3,2,3,61.1,57.0,12842
5191,2.03,4,1,4,62.1,57.0,13880
5213,2.08,1,2,3,57.0,63.0,11313
5229,2.01,1,6,3,63.1,58.0,15255
5242,2.28,4,1,1,61.6,57.0,12755
5268,2.01,3,2,3,63.0,56.0,11312
5280,2.02,2,2,3,61.9,60.0,14715
5281,2.31,2,2,1,62.5,55.0,16801
5296,2.22,1,2,3,62.7,61.2,14285
5304,2.01,1,2,3,56.9,59.0,11312
5358,2.14,2,2,4,59.7,57.0,16914
5369,2.02,3,4,3,61.3,56.0,16929
5382,2.03,4,4,3,61.5,57.0,12154
5436,2.01,1,4,1,60.1,61.0,18374
5469,2.09,4,3,3,60.6,57.0,16703
5499,2.02,3,3,1,61.4,61.0,13229
5503,2.0,3,2,0,61.1,58.0,17436
5526,2.22,0,4,3,64.4,58.0,12508
5533,2.0,4,4,4,62.3,57.0,17760
5573,2.0,3,7,3,61.6,59.0,17835
5575,2.32,3,1,3,62.5,58.0,14666
5611,2.0,1,2,4,63.5,59.0,14889
5679,2.21,2,4,3,60.7,62.0,15825
5693,2.29,3,4,3,60.1,58.0,13711
5707,2.01,4,5,3,61.3,60.0,17798
5786,2.07,3,2,1,59.4,61.0,15392
5800,2.09,4,3,3,62.0,59.0,15589
5834,2.01,1,3,1,56.7,58.0,13929
5851,2.05,4,3,4,61.6,57.0,18659
5855,2.09,3,3,3,61.0,60.0,10182
5866,2.05,3,1,0,62.4,58.0,14224
5871,2.0,0,1,7,66.5,56.0,6796
5982,2.01,1,6,1,58.7,59.0,18027
5996,2.0,2,6,3,58.1,60.0,15840
6013,2.0,1,2,4,63.3,56.0,16544
6026,2.28,3,3,3,61.9,61.0,16954
6035,2.02,3,7,3,61.1,57.0,12108
6041,2.14,0,3,7,66.4,56.0,6328
6060,2.03,4,1,4,60.5,57.0,14083
6077,2.03,3,1,1,62.1,59.0,12979
6114,2.11,0,4,3,65.0,56.0,12633
6133,2.01,2,6,3,61.2,58.0,14813
6161,2.02,2,1,4,61.5,59.0,13564
6195,2.05,3,2,1,61.2,57.0,15837
6198,2.39,3,2,0,61.2,60.0,17642
6223,2.1,3,1,1,62.9,58.0,13930
6255,2.32,3,5,3,62.5,59.0,16237
6352,2.01,0,5,1,58.6,95.0,13387
6390,2.26,2,3,3,63.2,58.0,13095
6513,2.0,1,4,3,64.2,60.0,9999
6535,2.06,2,4,3,59.8,61.0,15805
6553,2.02,3,5,3,61.3,59.0,18274
6583,2.48,2,3,1,63.3,56.0,17893
6595,2.09,3,3,1,60.5,61.0,12063
6613,2.01,3,2,4,61.1,60.0,17592
6615,2.18,3,3,3,62.3,59.0,11579
6675,2.04,2,2,4,62.5,58.0,16874
6706,2.64,4,3,3,62.3,55.0,17407
6722,2.16,3,1,6,61.5,58.0,17891
6774,2.06,4,1,3,61.9,55.0,11337
6792,2.01,3,3,1,61.2,62.0,12829
6816,2.08,3,2,3,61.2,58.0,15321
6838,2.01,2,1,3,63.3,56.0,10490
6908,2.39,3,3,1,60.6,58.0,16687
6949,2.02,4,2,1,61.8,56.0,16560
6974,2.02,3,4,1,62.8,60.0,17692
6993,3.0,3,4,7,59.7,60.0,13203
7040,2.21,2,2,1,62.9,59.0,17784
7041,2.0,0,2,7,66.0,60.0,5667
7060,2.0,3,4,3,61.8,58.0,16262
7119,2.08,3,2,6,62.2,58.0,15654
7126,2.19,4,2,3,62.4,56.0,16147
7139,2.01,2,2,0,59.8,63.0,17068
7152,2.3,4,1,1,62.3,57.0,12316
7154,2.01,2,2,4,62.7,58.0,16626
7168,2.02,3,6,3,59.9,58.0,13677
7189,2.02,2,6,1,59.8,59.0,18731
7211,2.02,3,2,1,62.1,58.0,11119
7238,2.01,2,3,1,62.8,59.0,17759
7255,2.18,3,5,1,61.2,60.0,18717
7288,2.51,3,2,3,62.3,57.0,18255
7331,2.1,2,1,3,62.0,62.0,12196
7334,2.3,2,2,3,60.6,60.0,14603
7338,2.0,1,4,1,63.6,61.0,17405
7368,2.33,3,1,1,59.9,59.0,14711
7383,2.07,2,3,1,59.5,59.0,18489
7410,2.16,3,3,3,59.7,60.0,16400
7460,2.67,1,5,3,63.8,58.0,18686
7477,2.01,4,5,3,62.3,58.0,15955
7557,3.0,1,2,7,57.0,64.0,10863
7575,2.02,4,4,4,62.0,57.0,18700
7583,2.08,2,2,4,58.9,61.0,18281
7612,2.21,2,5,3,61.0,58.0,18483
7686,2.18,4,2,1,61.2,56.0,15646
7705,2.03,2,2,3,61.2,55.0,12714
7708,2.01,3,4,3,59.9,62.0,17014
7709,2.28,2,3,3,63.3,54.0,12907
7713,2.05,4,4,3,61.6,56.0,18181
7733,2.12,3,2,3,60.6,59.0,15235
7801,2.02,3,6,3,58.2,60.0,17938
7825,2.11,3,4,3,59.1,59.0,15757
7858,2.02,2,2,4,63.2,53.0,16179
7921,2.22,4,4,3,62.6,57.0,14637
7948,2.2,2,3,3,63.3,57.0,11088
7962,2.0,2,3,1,60.9,58.0,16280
7977,2.19,3,3,3,61.7,58.0,17554
8029,4.13,0,3,7,64.8,61.0,17329
8032,2.02,3,1,3,63.0,58.0,8640
8035,2.01,4,3,3,61.9,57.0,14040
8044,2.01,3,2,1,60.1,59.0,14558
8057,2.0,1,5,1,63.0,64.0,17869
8084,2.14,2,2,1,61.3,61.0,15769
8105,2.16,4,6,3,61.4,57.0,17263
8115,2.32,4,2,3,62.0,57.0,17676
8136,2.0,3,1,4,61.5,59.0,13675
8143,2.5,3,3,3,62.7,59.0,12071
8173,2.0,2,6,1,60.5,59.0,18709
8200,2.01,3,4,1,62.3,61.0,16242
8217,2.57,3,7,3,58.9,58.0,17924
8236,2.09,2,5,3,62.7,61.0,16824
8286,2.01,4,2,1,62.3,57.0,15680
8298,2.11,3,2,3,62.3,56.0,13701
8303,2.27,3,2,3,62.5,59.0,14937
8374,2.14,0,1,7,69.4,57.0,5405
8423,2.0,3,7,3,60.8,60.0,16484
8441,2.02,3,1,4,62.0,59.0,13812
8443,2.03,4,4,3,61.1,57.0,17182
8444,2.44,2,1,1,62.9,53.0,17472
8456,2.0,0,3,3,64.5,56.0,11655
8460,2.29,3,1,5,61.4,60.0,18426
8477,2.0,2,1,3,60.9,54.0,10907
8478,2.14,3,3,3,61.2,57.0,13421
8540,2.1,2,2,4,59.4,60.0,17837
8550,2.74,2,1,3,61.5,62.0,17164
8554,2.14,4,2,3,61.9,56.0,14321
8578,2.01,2,1,4,60.8,58.0,12968
8593,2.53,3,3,3,61.1,57.0,15148
8599,2.37,4,3,3,62.1,55.0,16937
8630,2.08,3,2,3,62.3,58.0,14947
8635,2.45,4,5,3,62.0,55.0,16589
8656,2.04,4,5,3,62.4,56.0,17049
8659,2.02,2,7,3,62.3,56.0,17263
8690,2.14,4,2,1,62.1,58.0,17213
8710,2.1,3,2,4,59.2,60.0,13753
8719,2.01,4,3,1,61.5,55.0,14837
8723,2.08,2,6,3,62.4,60.0,18128
8745,2.01,1,5,3,64.0,58.0,17313
8827,2.01,3,6,3,62.0,61.0,17179
8836,2.08,2,1,4,60.6,61.0,13732
8843,2.38,3,1,3,60.6,59.0,10716
8865,2.05,4,5,3,62.0,56.0,17957
8906,2.2,4,3,3,62.6,55.0,14408
8916,2.51,4,3,1,62.9,56.0,15324
8953,2.0,4,2,0,62.0,57.0,17607
9029,2.0,3,3,3,62.1,60.0,11202
9033,2.37,3,2,4,61.6,56.0,14837
9052,2.04,1,5,3,64.0,57.0,14936
9140,2.0,2,3,1,63.3,59.0,16872
9151,2.03,3,5,3,60.9,59.0,12021
9156,2.0,4,3,1,65.0,61.0,18604
9157,2.02,2,1,1,63.0,56.0,12267
9161,2.18,3,3,3,59.4,61.0,12631
9187,2.06,4,2,4,59.2,57.0,15691
9201,2.22,4,4,3,62.5,54.0,17123
9252,2.01,4,1,1,62.8,58.0,9725
9281,2.0,2,4,1,62.5,58.0,18186
9286,2.0,3,5,1,62.6,59.0,18493
9305,2.01,1,2,4,62.4,62.0,16304
9311,2.06,2,2,3,62.3,57.0,14298
9319,2.03,2,2,4,59.9,59.0,16422
9338,2.01,4,1,3,62.1,56.0,12814
9340,2.1,4,3,4,62.5,57.0,13403
9420,2.1,4,3,1,62.9,57.0,18648
9426,2.0,4,1,4,61.0,57.0,14323
9457,2.0,3,1,4,62.9,60.0,11966
9459,2.01,1,4,3,63.6,59.0,15832
9513,2.61,4,1,3,64.6,55.0,17209
9541,2.15,4,2,1,60.9,56.0,13006
9552,2.23,3,1,1,62.1,59.0,13069
9558,2.01,4,2,3,62.1,55.0,12349
9583,2.01,1,2,1,64.1,60.0,10184
9609,2.03,4,2,3,60.0,57.0,13182
9624,2.48,2,3,3,63.3,56.0,15746
9632,2.04,3,2,4,62.5,58.0,17028
9675,2.07,4,4,3,62.5,55.0,18804
9679,2.14,3,3,1,62.3,58.0,14490
9684,2.24,2,3,3,62.3,57.0,16077
9722,2.46,4,4,3,63.0,56.0,15745
9734,2.25,4,2,3,62.4,57.0,17143
9743,2.04,2,3,3,62.7,56.0,15618
9744,2.14,3,2,4,59.3,59.0,15418
9750,2.6,0,4,3,64.6,57.0,17027
9782,2.06,2,1,4,62.6,58.0,14119
9828,2.01,4,5,3,62.9,56.0,13201
9870,2.01,1,3,1,62.2,58.0,16737
9918,2.09,4,1,0,61.2,59.0,15172
10018,2.0,4,2,0,62.3,56.0,12907
10060,2.02,0,1,3,67.5,59.0,9095
10077,2.01,2,7,3,58.3,63.0,12639
10219,2.16,1,2,4,63.6,56.0,14266
10220,2.47,3,1,3,59.4,59.0,16532
10246,2.01,4,4,1,59.2,57.0,17492
10250,2.1,4,3,1,61.7,53.0,15035
10260,2.05,3,4,1,62.2,56.0,13767
10266,2.09,2,5,3,61.3,59.0,18509
10399,2.04,4,4,1,61.9,58.0,18153
10402,2.01,3,5,3,61.3,58.0,14067
10408,2.06,1,1,1,64.1,56.0,11746
10462,2.02,2,3,1,63.4,60.0,17672
10476,2.07,3,6,1,61.2,58.0,16957
10487,2.09,2,5,3,60.2,61.0,15773
10491,2.01,2,7,3,61.8,59.0,17079
10549,2.09,1,5,3,63.4,55.0,18472
10579,2.29,3,4,3,62.4,60.0,15366
10589,2.04,2,4,3,61.4,58.0,15092
10603,2.0,1,4,1,59.1,61.0,17930
10611,2.57,3,6,3,61.3,60.0,17116
10624,2.0,0,3,7,66.8,57.0,8064
10630,2.1,0,4,3,65.0,56.0,11923
10658,2.23,3,4,3,61.4,58.0,16805
10674,3.01,1,2,3,63.9,60.0,18242
10700,2.3,4,4,3,61.4,57.0,14744
10702,2.27,3,1,0,62.4,58.0,16994
10728,2.1,2,3,1,62.9,57.0,18480
10746,2.1,2,3,3,63.0,57.0,16479
10773,2.01,4,3,3,61.9,57.0,14167
10785,2.26,4,1,4,61.1,57.0,17010
10821,2.01,3,4,4,60.6,59.0,17057
10831,2.0,4,2,1,62.8,56.0,15043
10843,2.0,4,2,1,62.9,59.0,15218
10865,2.02,4,1,1,62.7,54.2,12884
10880,2.01,4,2,1,64.8,62.0,16287
10884,2.06,3,2,3,62.2,60.0,11190
10885,2.01,2,2,2,63.5,58.0,15952
10887,2.01,4,2,1,62.9,55.0,12606
10902,2.01,4,3,0,61.9,57.0,17983
10940,2.01,2,3,1,60.0,58.0,17095
10953,2.01,4,2,1,59.9,60.0,17126
10954,2.01,4,5,3,61.9,55.0,18395
10964,2.42,3,1,3,62.4,58.0,16198
10969,2.03,3,1,3,61.6,58.0,12380
10989,2.28,3,1,4,62.9,58.0,16564
11020,2.02,3,4,3,61.0,58.0,15498
11113,2.01,2,6,3,59.3,61.0,17759
11117,2.23,3,1,4,61.0,58.0,14867
11126,2.01,1,5,3,62.9,58.0,16013
11203,2.06,1,3,7,64.3,58.0,6091
11247,2.04,3,2,3,60.3,60.0,14660
11249,2.01,2,2,4,62.5,58.0,15819
11299,2.14,0,5,3,64.8,60.0,13825
11304,2.04,2,3,3,63.2,58.0,13790
11306,2.0,1,3,4,63.8,59.0,18023
11333,2.01,2,1,1,60.3,58.0,12392
11348,2.08,4,2,4,62.0,56.0,17916
11360,2.24,4,3,3,61.4,56.0,16300
11367,2.02,1,2,4,57.9,62.0,16789
11372,2.1,2,4,3,63.4,58.0,13007
11380,2.5,4,1,3,63.8,53.0,15246
11469,2.25,0,3,7,67.7,58.0,6653
11517,2.2,3,2,3,61.8,54.0,13719
11521,4.01,3,1,7,62.5,62.0,15223
11555,2.01,2,3,3,63.4,58.0,12617
11579,2.06,0,1,0,64.6,58.0,14750
11596,2.02,2,4,3,63.3,57.0,9853
11620,2.04,3,3,1,63.0,58.0,18115
11628,2.18,2,2,3,58.9,60.0,15684
11637,2.14,3,4,3,60.4,59.0,17513
11651,2.01,4,4,1,62.1,57.0,18736
11652,2.36,4,2,3,62.8,55.0,16707
11679,2.01,4,1,0,60.9,56.0,16319
11735,2.25,3,7,3,60.4,59.0,18007
11763,2.25,3,2,3,61.9,59.0,11114
11785,2.07,2,3,1,59.8,58.0,17019
11883,2.14,4,3,1,61.5,57.0,18528
11895,2.05,4,1,2,62.7,56.0,17214
11943,2.14,4,4,3,62.9,56.0,14359
11965,2.01,3,1,1,61.7,60.0,9793
11970,2.02,4,1,0,61.8,57.0,16397
11979,2.0,3,4,3,60.7,60.0,10833
11995,2.01,3,1,3,62.0,59.0,12403
12002,2.01,2,5,1,63.4,58.0,13275
12026,2.35,3,1,0,60.7,60.0,14399
12055,2.01,3,6,1,60.4,61.0,12898
12116,2.01,3,2,1,62.4,61.0,15528
12117,2.0,2,1,4,60.8,62.0,13043
12134,2.33,2,1,4,61.8,59.0,14801
12158,2.14,2,7,3,60.3,60.0,18526
12289,2.0,2,1,0,61.0,51.6,13203
12314,2.33,2,3,3,63.2,56.0,13500
12331,2.02,0,3,1,56.2,61.0,15695
12386,2.03,2,2,1,62.2,59.0,16693
12389,2.19,4,7,3,61.8,57.0,18693
12413,5.01,0,1,7,65.5,59.0,18018
12420,3.0,3,2,3,60.7,59.0,16970
12442,3.01,3,4,3,59.8,58.0,14220
12457,2.0,0,3,7,69.8,54.0,5914
12468,2.01,3,4,4,61.4,58.0,17987
12508,2.27,0,1,7,67.6,55.0,5733
12533,2.14,3,5,3,58.2,61.0,17742
12569,2.0,1,1,1,64.1,58.0,9193
12579,2.0,2,5,1,63.3,56.0,15851
12581,2.01,2,5,3,61.6,56.0,15188
12593,4.01,3,2,7,61.0,61.0,15223
12609,2.01,4,4,3,61.5,55.0,11602
12625,2.02,3,2,3,59.4,59.0,14211
12626,2.52,0,1,3,65.1,56.0,15776
12700,2.01,4,2,0,62.5,56.0,17068
12703,2.02,3,4,3,60.1,59.0,16944
12730,2.02,4,3,4,62.6,57.0,14182
12770,2.01,2,2,4,59.2,62.0,16626
12784,2.0,2,5,1,57.9,60.0,18759
12799,2.03,3,3,3,58.1,59.0,10879
12805,2.07,4,3,1,60.6,56.0,14935
12819,2.26,4,3,3,62.2,56.0,17312
12871,2.01,4,2,1,62.5,57.0,15140
12916,2.02,4,3,3,62.1,56.0,12485
12936,2.01,1,2,4,63.6,57.0,16149
12950,2.0,1,1,0,62.4,58.0,14973
12980,2.01,3,5,3,60.3,60.0,16881
12998,2.06,3,5,3,61.7,59.0,16857
13021,2.32,4,3,1,62.6,57.0,18080
13083,2.51,1,4,3,59.5,65.0,14251
13133,2.09,4,3,1,60.6,57.0,14383
13137,2.5,4,1,3,64.0,55.0,14502
13192,2.09,3,5,3,61.2,57.0,12377
13212,2.01,2,3,1,58.2,63.0,18027
13216,2.01,2,3,1,60.6,62.0,16582
13304,2.1,0,5,3,59.5,69.0,16506
13317,2.47,3,2,3,62.5,56.0,14970
13323,2.02,3,3,1,62.2,59.0,14574
13364,2.01,1,5,3,62.2,57.0,16410
13387,2.08,2,3,3,59.0,59.0,15696
13427,2.0,4,4,3,62.2,57.0,11988
13441,2.17,3,1,3,62.3,60.0,13395
13461,2.02,2,1,3,59.2,60.0,11757
13467,2.01,3,2,4,60.3,58.0,17826
13476,2.01,2,2,3,61.4,63.0,10009
13493,2.75,4,7,7,60.9,57.0,13156
13499,2.0,0,1,4,65.4,58.0,11966
13503,2.0,0,2,3,66.8,55.0,8037
13528,2.2,3,4,3,60.4,60.0,15897
13534,2.17,2,2,1,62.1,61.0,15760
13642,2.0,3,7,3,61.0,58.0,14406
13663,2.02,2,3,4,61.5,59.0,17887
13718,2.11,0,2,1,67.2,60.0,15282
13725,2.01,3,4,3,59.8,58.0,15977
13733,2.01,3,3,3,60.5,61.0,16287
13751,2.0,3,4,3,62.9,58.0,13420
13756,2.13,3,3,3,62.4,56.0,12753
13773,2.01,2,2,3,59.5,58.0,13669
13808,2.68,2,2,7,63.5,56.0,9665
13853,2.06,3,4,3,60.7,58.0,13908
13873,2.48,0,2,3,56.7,66.0,15030
13914,2.25,4,2,3,60.5,56.0,16575
13961,2.38,3,1,1,62.4,58.0,12364
13962,2.3,1,2,3,63.8,55.0,12944
14001,2.31,2,1,3,60.7,63.0,12369
14024,2.06,1,2,1,59.0,64.0,14920
14084,2.01,4,4,4,63.0,56.0,18172
14126,2.0,0,3,1,65.6,58.0,15762
14238,2.01,4,6,3,62.1,57.0,13387
14253,2.21,4,4,3,60.2,60.0,18128
14261,2.03,2,6,3,63.7,58.0,16412
14266,2.09,3,5,3,61.3,59.0,12377
14270,2.3,4,3,3,61.6,56.0,18304
14283,2.48,2,2,3,63.0,62.0,17448
14350,2.02,3,2,3,61.1,61.0,13991
14351,2.23,3,1,3,60.5,61.0,12770
14374,2.08,4,6,3,60.2,60.0,18128
14431,2.01,4,6,3,62.2,57.0,17849
14438,3.5,4,3,7,62.8,57.0,12587
14444,2.07,3,3,1,61.2,60.0,14476
14467,2.03,2,7,3,63.1,58.0,13858
14473,2.36,1,1,3,58.9,64.0,12286
14522,2.0,0,2,0,66.3,54.0,12907
14523,2.14,3,4,3,60.7,59.0,13540
14542,2.06,3,4,1,61.5,58.0,18439
14546,2.01,1,7,3,64.6,55.0,15394
14554,2.1,3,3,3,60.4,59.0,16479
14566,2.05,3,3,4,61.8,60.0,18318
14578,2.37,4,1,1,61.9,55.0,18508
14581,2.09,2,3,1,61.1,56.0,18392
14656,2.0,2,1,1,63.3,59.0,11189
14694,2.03,3,3,4,62.6,59.0,17975
14741,2.03,3,2,3,63.0,56.0,13182
14743,2.52,0,3,3,65.4,59.0,13846
14768,2.09,3,4,3,59.8,59.0,14024
14775,2.02,4,2,4,61.5,58.0,16018
14787,2.2,3,3,3,61.5,58.0,12747
14792,2.01,4,5,3,62.2,56.0,17078
14831,2.03,1,2,1,62.7,61.0,15339
14838,2.2,1,3,3,63.6,58.0,13919
14855,2.11,2,7,3,60.9,60.0,18407
14873,2.51,3,1,3,59.3,58.0,16278
14876,2.01,3,2,3,62.1,60.0,9658
14888,2.01,4,2,3,62.3,57.0,13796
14996,2.17,2,3,3,58.8,62.0,14625
15003,2.05,2,3,1,62.5,57.0,17811
15029,2.05,2,4,1,63.4,58.0,12515
15040,2.3,3,2,4,61.8,60.0,18239
15067,2.03,2,2,3,62.8,59.0,13063
15069,2.04,3,1,4,61.4,59.0,13477
15113,2.09,1,2,1,57.9,63.0,16294
15147,2.01,1,3,3,63.1,55.0,13849
15173,2.16,2,1,1,61.4,58.0,14715
15176,2.11,4,2,1,62.0,55.0,15282
15196,2.11,3,1,3,61.0,58.0,12554
15279,2.01,3,3,1,58.5,58.0,16956
15309,2.05,3,3,3,62.5,58.0,16431
15339,2.2,3,3,3,61.1,59.0,16996
15366,2.01,2,1,3,60.6,60.0,11406
15389,2.0,3,4,1,59.0,62.0,14918
15391,2.28,2,2,3,62.9,57.0,16041
15425,2.02,3,2,0,61.2,59.0,17153
15486,2.21,3,5,3,59.6,60.0,16657
15514,2.48,3,2,3,63.0,62.0,17607
15548,2.22,4,2,4,61.3,56.0,18363
15559,2.02,4,2,1,61.9,58.0,15942
15560,2.15,2,1,1,62.4,60.0,13622
15561,2.0,3,3,3,60.7,60.0,15451
15617,2.0,3,6,3,60.3,58.0,12987
15669,2.03,3,2,4,58.5,60.0,16309
15688,2.0,3,2,4,59.5,62.0,15651
15697,2.1,4,4,3,61.3,55.0,18312
15700,2.03,3,7,3,61.7,58.0,13229
15712,2.01,4,5,3,61.7,56.0,18394
15724,2.51,3,1,4,62.2,58.0,18020
15761,2.12,3,3,3,61.5,59.0,13307
15770,2.01,3,3,1,62.7,59.0,17688
15777,2.01,1,1,1,59.6,61.0,11703
15793,2.01,3,2,1,60.5,58.0,12829
15810,2.02,2,4,3,63.1,56.0,15848
15816,2.01,3,6,3,62.2,60.0,13387
15822,2.08,4,1,3,62.3,55.0,12179
15882,2.02,3,2,3,59.4,59.0,14341
15978,2.01,1,6,3,62.3,61.0,17115
15992,2.16,3,2,4,58.7,60.0,18481
16034,2.14,2,2,4,62.8,59.0,15931
16049,2.13,3,1,4,59.6,59.0,15110
16058,2.0,2,3,1,63.2,54.0,13320
16072,2.0,4,3,7,62.5,57.0,7204
16082,2.15,3,4,3,61.2,58.0,11985
16104,2.01,2,3,1,62.6,59.0,16901
16143,2.4,3,5,3,62.6,59.0,16797
16144,2.75,3,3,3,60.5,61.0,15415
16202,2.03,2,2,1,62.3,60.0,16392
16236,2.0,3,4,3,60.3,57.0,12388
16249,2.01,2,1,1,62.2,59.0,12084
16256,2.52,4,2,1,61.5,56.0,17231
16263,2.01,4,2,1,61.9,56.0,14558
16310,2.1,3,1,3,59.1,58.0,12494
16326,2.5,3,3,3,62.4,59.0,15934
16364,2.08,4,2,3,62.3,56.0,15132
16368,2.03,4,4,3,62.2,57.0,12573
16372,2.19,1,2,3,63.7,57.0,11756
16380,2.02,1,5,3,57.1,60.0,12615
16473,2.31,2,2,1,62.5,55.0,17715
16536,2.0,2,3,1,63.3,59.0,17760
16569,3.01,1,3,3,57.6,64.0,18593
16622,2.5,3,2,3,59.0,60.0,18447
16623,2.01,2,3,3,63.2,57.0,14150
16643,2.02,3,1,3,62.7,60.0,11463
16650,2.37,4,1,4,62.2,57.0,16059
16675,2.01,1,2,1,59.4,63.0,14597
16859,2.1,4,2,1,61.7,55.0,13182
16979,2.8,3,2,3,61.1,59.0,15030
16984,2.47,4,1,3,62.1,57.0,15430
17031,2.02,2,3,4,62.7,58.0,18398
17061,2.03,3,6,1,62.9,57.0,16629
17097,2.06,4,2,3,62.4,55.0,14120
17115,2.12,4,1,1,62.1,56.0,14503
17131,2.18,3,1,3,62.6,58.0,12970
17139,2.01,3,1,1,60.5,59.0,12690
17158,2.3,4,2,4,62.6,56.0,18190
17185,2.09,4,2,4,62.5,56.0,17999
17218,2.28,1,1,3,63.6,57.0,9068
17221,2.01,1,3,1,60.9,65.0,15618
17239,2.19,4,2,3,62.5,56.0,15254
17271,2.02,3,3,4,62.7,53.0,18207
17288,2.0,2,1,3,62.8,57.0,11510
17289,2.03,4,3,3,61.6,55.0,16642
17296,2.04,3,5,3,60.2,58.0,18231
17367,2.02,2,1,1,59.8,59.9,12598
17391,2.01,3,1,1,60.9,58.0,12048
17410,2.19,3,1,3,61.8,60.0,13355
17428,2.0,2,2,1,58.5,58.0,15249
17442,2.2,3,2,4,58.9,60.0,17905
17451,2.01,3,3,4,61.6,61.0,17191
17478,2.02,1,2,0,65.5,57.0,15765
17494,2.0,1,4,4,64.1,55.0,17898
17536,2.01,3,3,1,60.9,59.0,16733
17565,2.0,2,3,1,62.8,57.0,18803
17583,2.03,4,3,3,61.9,57.0,11379
17607,2.06,4,3,3,62.0,57.0,11040
17651,2.12,4,3,3,61.4,57.0,12284
17667,2.1,3,1,6,61.3,58.0,17606
17672,2.02,2,1,1,63.5,60.0,12915
17698,2.01,2,3,3,63.2,59.0,12229
17758,2.26,2,3,3,63.1,58.0,13797
17800,2.27,0,4,7,68.6,56.0,7131
17813,2.42,3,1,3,62.3,58.0,16198
17821,2.0,2,7,3,60.0,56.0,17953
17825,2.05,3,2,4,60.8,58.0,16896
17830,2.24,4,2,1,60.5,59.0,18299
17831,2.1,0,4,3,65.2,56.0,13007
17847,2.12,3,2,4,61.5,58.0,17254
17872,2.0,1,4,1,64.2,59.0,17740
17879,2.0,4,2,3,59.8,55.0,11255
17890,2.16,4,5,7,61.0,57.0,9036
17895,2.01,1,2,1,63.8,57.0,13976
17902,2.74,0,1,7,64.9,61.0,8807
17970,2.02,4,1,3,62.2,57.0,12736
17979,2.02,2,7,3,60.6,57.0,15334
18051,2.01,0,4,3,63.8,59.0,14799
18052,2.23,3,2,4,61.2,58.0,18149
18061,2.04,2,4,3,59.9,58.0,16389
18066,2.0,3,4,1,59.3,60.0,14918
18077,2.12,4,2,4,62.7,56.0,17068
18116,2.52,3,5,3,60.6,60.0,18179
18141,2.3,3,2,3,61.3,58.0,11051
18165,2.01,4,1,1,62.1,56.0,12048
18225,2.05,3,2,3,62.1,59.0,9850
18265,2.0,2,2,4,63.5,59.0,15025
18271,4.0,2,2,7,63.3,58.0,15984
18274,2.5,0,4,3,67.0,57.0,14194
18298,2.16,4,1,1,63.0,55.0,14691
18301,2.0,2,3,1,62.2,57.0,15745
18344,2.0,3,3,1,63.0,54.0,14319
18362,2.05,4,5,3,62.2,57.0,12743
18388,2.04,2,2,1,63.6,60.0,16420
18405,2.03,3,3,3,61.6,58.0,16075
18417,2.01,2,4,3,61.3,60.0,13940
18441,2.19,4,2,3,61.5,57.0,15509
18486,2.01,3,2,4,60.5,60.0,16778
18566,2.01,2,3,3,63.4,57.0,16111
18595,2.49,0,1,7,66.3,58.0,6289
18616,2.38,3,3,0,60.9,59.0,18522
18646,3.0,0,3,7,67.1,57.0,8044
18678,2.06,3,4,3,61.8,58.0,16437
18742,2.01,4,3,1,61.9,60.0,17892
18801,2.22,2,2,3,63.2,57.0,16547
18808,3.01,4,1,3,61.7,58.0,16037
18839,2.01,2,2,4,62.1,60.0,15919
18859,2.03,3,1,3,60.4,59.0,9435
18911,2.01,1,3,1,63.9,59.0,15467
18912,2.03,4,1,0,62.5,57.0,14579
18933,3.04,3,2,3,59.3,60.0,18559
18946,2.0,3,1,4,60.8,62.0,13162
18952,2.5,1,1,4,62.0,58.0,18325
18956,2.17,4,3,3,62.0,56.0,17805
18979,2.01,1,2,1,58.8,60.0,16731
19019,2.06,3,2,3,61.8,58.0,14803
19076,2.01,3,4,3,59.0,60.0,16733
19124,2.01,3,3,1,62.3,58.0,17235
19128,2.0,1,6,3,57.3,65.0,13320
19169,2.2,4,1,4,61.6,57.0,15384
19187,2.03,3,1,3,61.6,58.0,12268
19190,2.0,3,3,1,60.1,61.0,15984
19211,2.17,3,3,1,62.3,58.0,13248
19280,2.03,4,4,1,60.0,55.8,18757
19327,2.33,4,2,4,62.4,57.0,15073
19357,2.02,4,3,3,63.0,57.0,15974
19386,2.07,2,2,1,62.3,60.0,15847
19402,2.02,4,4,4,61.7,53.0,18077
19415,2.2,3,1,0,61.7,59.0,15064
19430,2.0,3,2,4,60.7,60.0,16544
19431,2.01,3,2,4,61.6,61.0,16149
19469,2.02,3,2,3,58.0,58.0,13117
19471,2.34,3,2,1,61.7,60.0,15818
19494,2.0,4,5,7,60.3,56.0,10494
19520,2.0,3,4,3,61.7,60.0,11355
19526,2.18,1,3,3,60.4,64.0,16690
19527,2.36,4,3,3,61.8,56.0,14146
19531,2.05,2,1,0,61.4,58.5,16641
19552,2.4,2,2,3,60.6,58.5,17955
19560,2.16,2,5,3,62.4,59.0,18678
19584,2.01,4,3,4,63.0,55.0,15395
19595,2.01,3,1,0,60.2,61.0,12963
19664,2.01,3,5,1,59.5,58.0,14502
19686,2.01,2,2,0,59.7,63.0,17751
19715,2.2,4,2,3,62.2,56.0,13512
19739,2.44,2,1,4,58.1,60.0,18430
19764,2.52,3,2,1,58.5,59.0,18252
19775,2.06,2,4,3,59.0,58.0,15938
19808,2.09,3,1,3,60.0,60.0,13212
19860,2.2,3,1,3,60.9,60.0,13065
19896,2.07,1,2,1,63.6,58.0,13993
19922,2.09,4,4,4,61.8,57.0,17051
19941,2.2,3,2,3,63.0,59.0,15238
19971,2.0,2,5,1,63.6,58.0,16580
19988,2.06,4,2,3,61.4,57.0,10728
19995,2.0,1,6,3,64.7,57.0,15393
20031,2.11,3,4,1,61.6,59.0,17816
20037,3.01,3,2,7,62.7,58.0,8040
20050,2.21,3,4,3,60.7,62.0,15970
20058,2.04,2,3,1,63.0,58.0,17952
20089,2.04,3,3,1,58.1,60.0,18795
20105,2.38,3,4,3,62.4,58.0,14648
20119,2.41,1,2,3,57.7,61.0,17923
20167,2.15,4,3,3,61.8,57.0,17063
20182,2.29,3,3,4,61.6,60.0,17539
20190,2.53,3,3,1,62.1,59.0,18254
20214,2.28,4,4,3,61.6,57.0,13907
20373,2.41,3,3,3,58.7,61.0,15248
20402,2.04,3,5,3,60.2,58.0,18066
20461,2.03,4,3,1,60.8,57.0,18026
20471,2.01,2,2,4,62.5,61.0,15675
20489,2.13,2,4,3,57.9,60.0,16462
20494,2.24,3,1,3,62.2,59.0,13827
20513,2.21,3,5,1,62.1,59.0,16804
20552,2.01,2,6,1,62.7,57.0,17676
20579,2.5,0,4,7,64.7,57.0,7854
20583,2.01,2,1,1,59.3,62.0,12257
20594,2.31,3,1,6,62.1,58.0,16100
20601,2.35,3,2,1,61.8,58.0,14185
20630,2.02,2,4,3,62.8,55.0,15877
20650,2.02,4,2,0,62.3,59.0,17936
20695,2.05,3,4,3,58.7,60.0,17988
20707,2.0,0,7,1,64.8,58.0,15540
20734,2.11,4,2,0,61.9,57.0,16723
20753,2.06,4,4,3,62.3,56.0,18293
20782,2.2,4,1,1,61.5,57.0,14593
20797,2.32,0,3,7,70.5,55.0,6860
20827,2.09,2,2,3,63.0,57.0,14704
20861,3.01,0,2,3,65.8,56.0,18242
20878,2.18,4,1,4,62.2,55.0,16427
20893,2.04,2,3,3,60.0,60.0,16319
20911,2.08,4,3,1,58.7,60.0,18760
20923,2.0,0,5,7,64.9,57.0,7258
21005,2.13,3,3,3,62.3,57.0,17073
21008,2.01,1,3,7,63.9,59.0,7024
21045,2.0,3,3,3,62.5,58.0,12940
21054,2.02,4,3,3,62.4,56.0,12680
21083,2.04,1,1,4,59.6,56.0,13550
21091,2.0,3,2,3,58.6,61.0,14199
21147,2.29,3,2,4,60.8,60.0,18823
21162,2.45,2,3,3,63.5,58.0,11830
21214,2.22,4,1,0,61.8,59.0,16689
21217,2.18,2,1,1,62.9,59.0,13812
21241,2.22,4,4,3,60.9,57.0,15584
21299,2.02,2,1,4,62.6,58.0,13499
21309,2.04,3,3,3,60.8,58.0,14945
21321,2.07,4,3,3,62.3,59.0,15036
21335,2.15,4,3,3,61.8,57.0,17219
21341,2.3,4,3,3,62.6,54.0,18108
21352,2.02,2,3,3,63.1,54.0,13655
21365,2.01,4,4,3,61.0,54.0,16922
21367,2.17,3,5,3,59.3,61.0,13084
21370,2.09,2,5,3,63.4,55.0,18640
21382,2.07,4,3,3,61.9,55.0,15475
21393,2.2,4,4,3,59.9,57.0,14691
21425,2.11,2,2,3,63.8,54.0,12937
21471,2.72,4,3,7,59.6,55.0,11594
21512,2.07,2,1,4,61.3,56.0,13495
21535,2.0,3,2,4,60.7,60.0,16694
21552,2.02,3,2,3,61.4,57.0,13642
21554,2.03,3,1,3,61.7,61.0,12078
21668,2.01,2,2,4,59.6,60.0,16304
21684,2.01,2,6,3,60.6,59.0,17118
21691,2.0,0,5,7,66.1,57.0,6532
21692,2.0,4,2,3,61.7,56.0,15092
21760,2.51,2,3,3,63.6,58.0,18029
21772,2.04,3,4,1,60.7,62.0,15217
21782,2.04,2,3,3,60.8,58.0,14810
21783,2.1,0,4,7,64.6,58.0,6597
21799,2.52,3,3,3,62.4,57.0,17522
21800,2.27,4,2,3,63.0,54.0,15710
21804,2.03,4,1,1,62.6,55.0,13357
21806,2.02,2,3,1,61.1,58.0,18236
21813,2.01,2,3,3,63.3,60.0,10772
21816,2.0,1,1,7,63.6,62.0,6521
21818,2.01,0,3,4,66.1,53.0,15888
21822,2.27,1,1,0,59.3,61.0,17051
21837,2.03,3,3,4,62.1,56.0,18139
21856,2.0,4,2,1,61.4,57.0,16407
21893,2.0,2,1,4,61.9,60.0,14403
21895,2.2,3,3,1,61.2,59.0,17265
21909,2.15,3,3,3,62.2,56.0,12458
21915,2.06,3,3,3,62.6,58.0,12677
21930,2.51,4,3,3,62.0,57.0,17162
21941,2.0,4,3,1,61.8,57.0,18062
21951,2.0,2,3,3,61.0,57.0,14340
22009,2.03,2,2,4,59.9,57.0,17297
22011,2.01,3,3,3,62.5,62.0,11825
22057,2.07,3,5,3,60.7,59.0,18611
22062,2.2,3,1,0,61.7,59.0,15201
22101,2.06,2,5,7,58.7,61.0,9789
22108,2.01,3,1,1,62.3,59.0,12048
22175,2.21,4,3,3,61.9,56.0,13615
22186,2.04,3,3,0,60.7,61.0,18104
22201,2.02,1,5,3,61.9,61.0,15261
22241,2.25,4,2,3,60.7,56.0,11104
22325,2.05,3,7,3,60.0,58.0,12891
22357,2.01,2,3,1,63.1,56.0,11825
22429,2.01,1,2,4,59.0,64.0,11115
22441,2.0,2,1,2,63.0,59.0,15076
22442,2.03,3,3,4,62.6,59.0,18139
22444,2.01,4,4,1,62.2,56.0,18741
22567,2.03,3,3,1,61.7,59.0,16900
22614,2.01,0,1,1,64.4,61.0,11212
22647,2.04,0,6,3,65.4,55.0,12799
22659,2.0,4,3,4,62.4,55.0,15451
22678,2.11,3,3,3,60.9,59.0,12633
22698,2.1,2,2,1,59.9,61.0,15474
22700,2.01,3,2,3,62.1,56.0,14428
22769,2.5,3,3,7,59.9,60.0,8467
22812,2.0,0,3,3,55.3,65.0,11202
22831,2.16,4,3,1,61.9,57.0,17820
22839,2.06,4,2,3,62.3,57.0,14428
22861,2.01,0,3,3,65.8,63.0,13587
22878,2.53,3,3,3,59.6,59.0,17591
22931,2.16,2,4,3,62.6,55.0,15166
22940,2.74,2,3,3,63.3,58.0,17184
22955,2.03,4,5,3,61.4,58.0,18535
22974,2.08,4,2,3,62.0,56.0,11886
22988,2.01,3,2,4,59.5,60.0,13003
22993,2.07,3,3,1,61.1,58.0,13844
23048,2.0,4,5,3,62.9,56.0,17534
23092,2.01,1,6,1,63.8,55.0,15093
23179,2.01,2,2,4,59.6,62.0,15919
23195,2.06,1,1,1,64.1,56.0,11854
23196,2.0,1,3,1,63.3,59.0,17600
23201,2.0,2,1,3,59.8,60.0,11792
23219,2.72,0,1,7,68.2,56.0,6870
23241,2.01,3,4,1,61.8,60.0,18077
23255,2.01,3,3,3,62.3,60.0,14558
23264,2.18,2,4,3,61.0,60.0,17475
23273,2.03,1,3,3,59.6,61.0,14720
23290,2.3,4,2,3,61.8,57.0,16181
23302,2.01,4,3,1,62.1,56.0,14725
23326,2.0,4,3,1,61.8,57.0,12654
23366,2.03,3,1,3,60.9,60.0,12078
23469,2.08,3,1,4,60.3,59.0,14933
23499,2.03,0,3,1,65.4,58.0,14646
23500,2.0,3,1,3,60.9,54.0,11106
23501,2.01,2,1,1,61.7,59.0,14125
23512,2.08,3,4,3,62.2,60.0,12883
23528,2.01,4,6,3,62.2,57.0,17688
23537,2.01,3,3,4,60.1,61.0,17068
23544,2.05,3,2,0,60.3,59.0,12766
23607,2.01,3,1,1,59.8,57.0,10412
23616,2.06,3,3,3,60.0,60.0,16098
23641,2.06,3,2,1,60.8,60.0,15716
23651,2.11,3,1,3,61.0,58.0,12440
23698,2.02,3,2,1,62.5,59.0,16191
23765,2.17,4,2,1,60.4,56.0,17381
23785,2.5,0,1,3,66.9,58.0,14652
23814,2.04,3,2,7,59.3,61.0,8408
23856,2.01,3,2,1,61.0,60.0,12617
23858,2.01,1,2,3,64.6,57.0,12681
23864,2.01,3,6,3,62.6,58.0,14502
23882,2.18,2,2,3,63.3,58.0,12220
23892,2.32,2,3,3,60.6,58.0,18508
23896,2.08,3,3,3,62.8,60.0,12655
23904,2.18,3,4,3,61.9,60.0,18003
23939,2.14,3,2,3,62.1,58.0,12970
23962,2.03,2,2,4,61.4,59.0,15826
23976,2.22,4,2,3,62.7,61.0,14416
24034,2.01,4,3,1,62.2,56.0,18252
24085,2.01,4,3,1,65.1,56.0,16733
24095,2.01,2,2,1,64.1,57.0,15145
24111,2.02,1,2,3,61.0,62.0,12927
24182,2.21,3,3,3,61.3,60.0,14032
24213,2.2,3,3,3,58.2,59.0,11147
24237,2.14,3,4,3,60.4,59.0,17673
24303,2.17,4,2,1,62.1,57.0,16716
24305,2.07,3,2,4,61.2,58.0,18193
24339,2.25,3,1,1,61.8,61.0,16004
24395,2.29,0,1,4,57.0,66.0,13701
24411,2.35,3,2,3,59.9,58.0,17294
24473,2.0,2,3,3,62.6,56.0,15446
24475,2.01,3,5,3,61.3,61.0,17746
24492,2.0,3,2,3,61.3,59.0,14208
24518,2.01,3,2,0,62.9,62.0,17068
24526,2.01,3,1,0,60.1,59.0,15185
24558,2.04,0,6,3,67.4,56.0,12454
24573,2.01,4,3,3,62.8,57.0,14364
24625,2.03,3,2,1,59.8,59.0,12844
24634,2.01,1,2,4,63.6,57.0,16003
24722,2.01,1,4,3,63.6,59.0,15977
24733,2.02,2,3,3,62.3,58.0,15064
24768,2.0,2,2,1,59.8,59.0,15053
24812,2.21,3,4,3,62.4,60.0,17525
24835,2.22,2,1,3,62.8,57.0,13579
24847,2.04,2,2,4,60.3,59.0,17315
24871,2.02,3,4,3,63.0,59.0,15014
24880,2.1,4,2,1,61.6,57.0,12168
24891,2.01,3,2,4,60.3,62.0,15939
24953,2.02,3,2,0,60.5,62.0,14238
24956,2.16,2,2,1,58.5,60.0,17772
24959,2.04,2,3,1,62.5,61.0,17952
24974,2.03,0,4,3,64.9,59.0,14687
24980,2.0,0,3,1,61.2,50.0,13764
24995,2.0,0,3,1,65.1,56.0,14430
25002,2.01,3,2,3,59.2,60.0,13574
25048,3.01,3,1,3,60.7,59.0,18710
25054,2.05,4,1,0,61.4,59.0,16793
25059,2.0,3,3,1,62.6,56.0,17760
25063,2.04,3,2,1,62.2,57.0,16942
25115,2.49,4,1,1,63.8,54.0,16915
25122,2.28,3,3,3,62.1,59.0,18055
25152,2.14,3,4,3,60.1,58.0,12792
25171,2.6,3,1,3,58.3,61.0,17209
25193,2.08,4,3,1,61.7,58.0,17469
25195,2.01,2,4,1,63.1,59.0,18741
25216,2.04,4,3,3,62.0,56.0,16319
25251,2.08,3,3,3,60.0,60.0,11851
25268,2.09,4,2,1,61.4,56.0,16704
25314,2.0,2,2,4,59.5,62.0,15510
25341,2.0,3,6,3,62.2,56.0,17760
25345,2.12,3,3,3,62.3,58.0,12693
25393,2.5,0,3,3,64.9,58.0,13278
25431,2.3,4,1,4,62.4,56.0,16062
25436,2.16,4,1,0,61.4,55.0,18462
25445,2.43,0,4,3,64.5,57.0,14975
25455,2.0,3,3,1,62.0,56.0,15096
25486,2.0,4,5,3,61.6,57.0,13351
25508,2.01,3,3,1,60.6,59.0,13387
25510,2.0,0,3,3,65.3,55.0,10752
25530,2.45,4,1,4,60.4,56.0,18113
25575,3.24,3,3,7,62.1,58.0,12300
25606,2.12,4,5,3,62.3,57.0,17730
25613,2.23,2,1,3,60.5,61.0,12655
25620,2.02,1,2,4,57.9,62.0,16593
25725,2.0,3,1,4,61.5,59.0,13552
25804,2.0,2,1,4,60.7,60.0,13542
25861,2.18,4,2,4,62.0,57.0,13769
25878,2.01,3,3,1,58.2,62.0,16287
25883,2.2,3,4,1,60.5,55.0,18193
25974,2.09,4,2,3,61.2,57.0,13933
25982,2.55,3,2,3,62.9,58.0,14351
25993,2.01,2,4,1,63.5,60.0,15038
26003,2.14,3,1,3,58.4,58.0,10306
26008,2.0,1,1,1,64.2,61.0,11988
26032,2.0,1,4,1,64.2,59.0,17902
26052,2.53,4,1,3,61.5,53.0,15993
26072,2.21,3,3,1,61.1,58.0,13983
26076,2.03,2,2,3,62.2,54.0,14239
26085,2.01,2,1,4,62.1,60.0,12683
26098,2.0,1,4,7,63.9,58.0,6854
26110,2.02,1,6,3,58.8,61.0,18236
26122,2.43,3,1,4,62.2,57.0,18692
26137,2.1,4,3,3,63.0,57.0,16629
26147,2.18,4,2,3,62.5,55.0,15850
26237,2.06,1,3,3,63.7,57.0,16512
26251,2.01,2,2,3,60.5,59.0,14637
26258,2.15,3,1,1,62.4,60.0,13746
26270,2.01,4,4,3,61.9,57.0,17555
26318,2.11,2,6,3,62.4,61.0,17871
26355,2.01,1,3,4,57.8,60.0,18561
26374,2.07,4,3,3,63.5,53.0,18198
26429,2.11,4,3,3,60.0,56.0,12226
26439,2.0,1,4,3,58.1,64.0,11041
26475,2.01,0,7,3,66.9,57.0,16086
26483,2.4,4,2,3,63.8,58.0,17039
26557,2.22,0,1,7,66.7,56.0,5607
26569,2.12,3,1,3,62.3,61.0,12140
26572,2.12,2,1,3,62.3,61.0,12030
26631,2.12,3,6,3,58.3,59.0,18120
26644,2.0,2,3,1,62.7,56.0,17247
26661,2.13,4,3,1,62.2,55.0,18275
26672,2.12,4,7,3,62.9,55.0,12707
26698,2.02,3,1,1,61.6,58.0,12431
26789,2.05,2,2,3,62.8,56.0,14071
26794,2.0,3,3,7,59.7,62.0,6344
26803,2.04,0,2,3,66.6,56.0,9802
26853,2.0,0,2,3,67.7,57.0,10483
26897,2.0,4,6,3,62.3,56.0,12210
26933,2.02,4,3,1,62.3,56.0,12332
26938,2.01,3,1,3,61.4,60.0,12407
27023,2.54,4,2,3,61.4,54.0,12687
27038,2.1,3,2,4,60.7,61.0,14394
27083,2.0,0,6,1,65.7,60.0,15330
27085,2.09,4,2,3,61.2,57.0,13807
27101,2.05,4,1,1,60.3,60.0,14037
27105,2.14,3,6,3,61.5,58.0,18291
27115,2.0,3,6,3,58.1,60.0,15984
27130,2.05,3,4,1,61.6,59.0,15291
27132,2.36,4,2,3,60.8,54.0,11238
27189,2.04,4,1,1,62.6,55.0,12696
27259,2.01,2,4,3,63.3,58.0,15563
27261,2.21,3,3,7,62.2,58.0,6535
27272,2.01,3,3,3,62.3,58.0,15917
27286,2.01,3,3,3,63.0,59.0,15917
27291,2.16,3,3,3,62.3,57.0,11473
27292,2.04,4,5,3,62.3,57.0,16261
27296,2.11,2,4,7,63.2,57.0,7834
27320,2.08,2,7,3,60.1,59.0,18405
27322,2.02,4,2,3,60.9,60.0,14027
27346,2.03,4,4,1,60.3,56.0,16224
27360,2.31,3,1,1,61.1,60.0,15323
27383,2.02,0,3,3,56.5,61.0,14080
27447,2.01,1,3,3,57.6,60.0,12215
27508,2.29,4,1,3,61.8,56.4,13726
27534,2.01,4,4,4,61.4,54.0,18607
27538,2.06,3,4,3,61.8,58.0,16587
27543,2.04,3,2,7,61.1,61.0,7403
27554,2.61,1,2,3,64.2,63.0,13784
27558,2.3,4,2,1,62.2,60.0,17193
27570,2.07,4,1,2,62.7,54.0,16769
27572,2.18,4,1,4,60.3,57.0,16427
27586,2.01,3,3,3,61.5,59.0,11635
27606,2.04,3,3,3,62.7,56.0,15760
27627,2.01,0,7,3,59.4,66.0,15627
27632,2.14,2,6,3,61.5,58.0,18125
27649,2.03,2,1,3,61.7,61.0,11968
27651,2.01,1,4,3,63.0,60.0,14745
27709,2.01,3,3,1,59.6,59.0,17458
27722,2.05,3,6,3,59.7,59.0,17081
27730,2.05,3,4,3,62.1,56.0,12857
27746,2.02,3,4,3,60.1,59.0,17099
27762,2.14,3,2,1,59.5,59.0,15499
27773,2.02,2,5,1,62.7,59.0,17530
27782,2.01,3,3,3,60.8,59.0,12423
27824,2.05,3,6,3,62.5,56.0,17294
27850,2.02,0,7,1,65.0,55.0,16386
27977,2.2,3,2,3,62.4,55.0,16190
27997,2.26,3,3,3,61.3,60.0,15428
28006,2.01,3,2,3,58.2,61.0,13052
28043,2.04,4,2,1,62.8,57.0,14775
28076,2.51,3,3,3,60.6,61.0,14543
28118,2.01,4,1,3,62.9,54.0,11011
28126,2.0,0,4,4,67.6,58.0,18515
28161,2.07,4,4,3,62.2,54.0,17614
28171,2.01,3,1,4,60.5,60.0,13400
28174,2.04,4,1,5,61.5,58.0,17327
28313,2.0,3,4,3,59.1,59.0,12521
28349,2.03,3,1,3,62.7,59.0,12531
28357,2.02,3,2,3,61.2,58.0,13117
28373,2.43,3,2,3,62.2,60.0,14727
28387,2.13,2,4,3,61.5,57.0,15454
28395,2.33,2,2,1,60.7,56.0,18119
28401,2.0,3,3,1,59.8,60.0,14126
28408,2.01,2,2,4,62.3,59.0,15965
28410,2.01,3,6,3,58.7,54.0,16064
28423,2.42,3,1,4,61.3,59.0,17168
28453,2.02,4,3,3,62.1,57.0,10826
28474,2.03,2,1,3,60.9,60.0,11968
28483,2.0,1,2,4,63.6,60.0,16439
28515,2.05,2,5,3,59.5,58.0,16819
28550,2.4,4,3,3,62.0,55.0,18541
28599,2.41,3,1,0,61.1,60.0,15320
28701,2.01,0,6,3,65.5,56.0,11156
28707,2.01,1,3,4,64.1,59.0,18474
28807,2.0,4,3,1,62.9,56.0,13320
28827,2.02,3,2,1,61.4,58.0,14240
28828,2.1,0,5,3,64.7,61.0,15827
28845,2.02,3,6,3,60.4,57.0,14574
28878,2.03,2,6,3,63.0,61.0,15690
28930,3.01,4,1,7,65.4,60.0,16538
29007,2.07,0,7,3,64.5,60.0,13016
29010,2.04,2,1,4,62.4,57.0,13825
29026,2.0,2,2,1,62.9,59.2,15081
29061,2.01,3,4,3,59.4,58.0,15562
29070,2.28,4,6,3,62.0,55.0,16969
29088,2.24,3,2,3,61.9,58.0,15515
29093,2.01,4,2,0,61.4,59.0,17227
29096,2.26,1,2,3,56.9,60.0,16241
29099,2.02,4,2,0,62.1,56.0,18324
29122,2.0,2,4,3,63.5,55.0,15485
29130,2.03,2,3,3,56.8,61.0,16442
29145,2.01,1,5,3,64.1,57.0,16085
29211,2.01,4,1,3,60.8,57.0,13253
29225,2.0,2,6,3,63.5,59.0,15864
29295,2.04,3,3,3,58.0,58.0,11820
29304,2.02,3,2,4,59.6,60.0,16861
29321,2.02,1,1,1,63.5,60.0,12798
29340,2.08,3,3,3,59.7,59.0,12454
29343,2.06,3,2,3,61.0,61.0,13912
29366,2.05,3,3,1,60.2,58.0,17521
29390,2.03,4,6,3,62.3,56.0,14308
29407,2.01,0,3,3,66.7,56.0,10772
29415,2.1,3,3,3,60.4,59.0,16629
29431,2.02,4,5,3,61.3,57.0,16290
29488,2.16,4,2,1,62.0,56.0,18029
29629,2.01,2,1,0,61.2,60.0,14812
29685,2.09,3,5,3,61.7,59.0,17840
29726,2.03,3,1,1,60.1,58.0,12492
29730,2.14,1,3,1,57.5,60.0,14395
29752,2.0,3,2,4,58.5,61.0,14763
29772,2.03,0,3,7,64.4,59.0,6002
29781,2.04,3,6,3,62.7,60.0,15398
29802,2.01,0,2,7,67.4,58.0,5696
29848,2.3,4,3,3,62.6,57.0,14215
29859,2.32,3,1,3,59.0,59.0,14666
29909,2.15,4,3,1,61.5,60.0,18470
29952,2.06,3,4,3,59.8,61.0,15949
29967,2.02,3,6,3,59.8,58.0,17825
29972,3.0,2,3,7,63.1,55.0,6512
29983,2.0,1,6,3,57.6,63.0,16206
30005,2.0,0,3,3,65.2,55.0,11600
30017,2.06,3,3,1,62.4,59.0,14863
30036,2.05,4,3,1,61.9,57.0,17006
30047,2.28,4,2,3,62.9,57.0,16187
30071,2.21,4,7,3,62.0,57.0,16558
30099,2.0,4,1,1,62.4,54.0,12433
30107,2.04,2,2,7,59.3,61.0,8257
30140,2.56,3,1,1,61.4,58.0,17186
30142,2.0,4,3,1,63.9,54.0,18440
30155,2.33,3,3,7,60.7,58.0,8220
30157,2.19,4,3,1,60.6,57.0,18475
30171,2.05,3,6,3,59.7,59.0,17237
30177,2.14,4,3,3,63.0,55.0,12720
30188,2.0,2,2,3,59.5,61.0,13892
30289,2.02,3,5,3,61.3,58.0,13267
30293,2.01,2,3,3,63.4,60.0,11780
30312,2.03,4,2,3,61.5,54.0,14061
30337,2.0,1,3,1,63.6,58.0,16650
30380,2.0,2,1,1,60.8,58.0,12768
30401,2.38,3,1,4,62.6,59.0,16273
30411,2.08,1,2,3,63.8,58.0,14084
30413,2.01,0,3,3,61.2,66.0,13587
30451,2.1,2,2,3,60.6,60.0,12612
30460,2.12,2,3,3,62.3,59.0,16151
30480,2.57,3,1,1,63.0,58.0,18485
30490,2.0,2,6,3,60.5,60.0,16064
30492,2.07,3,3,1,62.0,58.0,13786
30496,2.4,4,1,1,62.0,57.0,12468
30497,2.09,3,3,3,62.1,58.0,17156
30515,2.13,4,3,3,61.8,57.0,15288
30530,2.14,3,2,4,60.7,59.0,17193
30613,2.01,4,3,1,62.1,55.0,18295
30626,2.59,4,1,0,61.7,56.0,16465
30635,2.02,1,3,3,59.0,61.0,13144
30650,2.24,2,2,3,61.7,57.7,16558
30668,2.1,4,2,3,61.9,56.0,15653
30677,2.24,4,5,3,60.3,59.0,17989
30697,2.01,2,1,3,59.3,63.0,8949
30776,2.0,3,1,3,61.9,55.0,11899
30793,2.17,4,2,1,60.4,56.0,17224
30795,2.14,2,1,4,62.8,57.0,14065
30796,2.01,3,1,3,60.8,58.0,12048
30797,2.01,3,1,1,60.7,61.0,12209
30801,2.0,0,4,3,65.1,54.0,11156
30802,2.01,3,4,1,62.5,58.0,17334
30827,2.02,4,2,3,62.2,57.0,10412
30836,2.06,4,5,3,62.7,57.0,15970
30886,2.02,2,4,3,63.3,59.0,13554
30911,2.01,4,3,1,62.8,54.0,18186
30927,2.01,4,5,3,61.6,55.0,18183
30931,2.03,2,3,1,63.0,60.0,18781
30933,2.01,4,4,3,63.0,56.0,13498
30947,2.09,3,3,3,61.4,60.0,14581
31004,2.05,2,3,4,61.8,60.0,18152
31007,2.51,4,2,3,58.4,62.0,18037
31119,2.42,3,1,4,61.3,59.0,18615
31152,2.0,1,3,3,63.6,57.0,13480
31155,2.11,3,4,3,62.2,60.0,16336
31181,2.27,3,3,3,60.7,59.0,15783
31185,2.01,1,3,7,61.7,63.0,7959
31193,2.02,2,1,4,59.3,60.0,13693
31214,2.51,2,1,1,63.8,55.0,16842
31230,2.06,3,6,3,58.8,58.0,14634
31291,2.11,3,3,3,61.0,58.0,13233
31297,2.31,3,3,3,59.2,61.0,13831
31306,2.02,3,1,3,62.1,60.0,11165
31383,2.04,3,4,3,60.3,59.0,15651
31426,2.07,3,2,4,61.2,58.0,18359
31430,2.13,4,3,1,62.2,55.0,18442
31431,2.5,4,2,4,61.9,57.0,16955
31455,2.14,3,1,3,61.5,59.0,13326
31537,2.46,3,6,3,59.7,59.0,10470
31569,2.0,4,5,7,60.3,56.0,10685
31571,2.51,3,3,3,59.3,61.0,14543
31577,2.06,1,2,4,60.2,64.0,15046
31588,2.02,2,2,3,63.3,59.0,11390
31598,2.03,2,4,1,61.3,59.0,18257
31681,2.0,1,3,1,58.0,58.0,17447
31743,2.05,2,6,3,62.5,56.0,17138
31749,2.05,1,4,3,63.7,61.0,16148
31755,2.11,2,1,3,60.8,61.0,12771
31781,2.01,3,1,4,58.6,61.0,10401
31816,2.16,3,2,1,62.9,55.0,17313
31857,2.0,0,6,3,59.9,61.0,15540
31892,2.07,4,2,3,62.0,55.0,16189
31912,2.05,3,1,0,62.5,60.0,15109
31942,2.26,2,7,3,61.6,61.0,18028
32014,2.15,3,4,3,59.7,60.0,13317
32044,2.61,4,2,3,62.1,56.0,18756
32219,2.08,3,2,4,58.9,61.0,18447
32262,2.19,2,2,3,60.3,60.0,15907
32289,2.01,3,3,1,61.7,60.0,18188
32318,2.22,3,1,0,60.0,60.0,18706
32329,2.23,3,1,0,61.7,58.0,16025
32344,2.05,3,1,0,60.1,58.0,15067
32368,2.01,3,2,0,62.9,59.0,18206
32377,2.27,4,2,3,60.5,55.0,12939
32411,2.02,2,2,4,58.8,57.0,14620
32446,2.01,3,4,3,62.3,60.0,15147
32450,2.02,3,3,3,59.9,55.0,15996
32482,2.01,3,5,3,62.0,60.0,11903
32495,2.36,4,1,4,60.1,59.0,17534
32554,2.01,3,2,1,60.1,59.0,14752
32596,2.03,4,5,3,61.6,55.0,18578
32631,2.0,4,3,4,60.5,56.0,13320
32674,2.01,0,6,3,62.1,66.0,14948
32677,2.01,3,3,1,62.7,59.0,17849
32680,2.5,0,5,3,65.8,58.0,17405
32760,2.15,3,3,3,62.8,58.0,17221
32781,2.08,2,1,1,62.6,58.0,12637
32792,2.01,2,2,1,62.8,60.0,14811
32806,2.15,4,4,3,62.6,54.0,18791
32832,2.0,2,2,4,60.4,60.0,16459
32839,2.04,3,4,3,61.3,60.0,12794
32843,2.24,4,2,3,62.1,57.0,15852
32861,2.17,3,5,7,60.7,59.0,9078
32893,2.03,1,7,3,63.1,59.0,13109
32895,2.03,2,6,3,63.1,56.0,14646
32914,2.03,3,3,1,61.7,59.0,16747
32928,2.0,2,4,1,63.5,56.0,18818
32951,2.02,3,3,4,60.8,62.0,18207
32971,2.6,4,1,3,62.5,56.0,18369
32989,2.02,2,3,3,59.9,55.0,15851
33020,2.34,1,1,4,63.9,62.0,12961
33062,2.42,3,2,0,59.8,59.0,17262
33090,2.01,1,4,1,63.9,60.0,17804
33114,2.02,4,3,3,60.8,56.0,11715
33120,2.0,4,6,3,62.2,57.0,16650
33132,2.32,4,1,0,62.5,54.5,17891
33139,2.05,2,3,3,62.4,58.0,15949
33175,2.06,3,4,3,61.7,58.0,17012
33178,2.04,3,1,4,63.0,58.0,13734
33183,2.16,4,2,0,62.7,56.0,18342
33210,2.0,3,3,3,62.7,58.0,12168
33280,2.1,4,2,3,63.0,56.0,10457
33297,2.0,1,4,3,64.3,60.0,10416
33309,2.13,3,2,3,59.8,58.0,12980
33377,2.0,2,4,3,63.5,57.0,9475
33396,2.03,3,2,1,61.2,58.0,16787
33416,2.31,2,1,4,59.7,60.0,14830
33473,2.29,3,1,5,61.4,60.0,18594
33482,2.26,2,3,3,63.3,59.0,13923
33499,2.11,3,7,3,58.7,60.0,15198
33508,2.21,3,1,3,60.6,62.0,12327
33602,2.02,0,4,7,65.6,57.0,6346
33607,2.24,4,2,3,61.7,58.0,16709
33628,2.08,3,3,1,62.6,59.0,17617
33654,2.03,0,3,7,66.6,57.0,6002
33700,2.14,3,3,4,61.7,58.0,16390
33702,2.01,2,5,3,62.0,54.0,17005
33727,2.32,1,1,1,60.3,61.0,13654
33756,2.14,3,2,3,60.1,58.0,15915
33780,2.02,3,2,4,59.6,60.0,16709
33797,2.01,1,4,1,60.8,61.0,18077
33838,2.01,3,2,4,62.1,59.0,15520
33844,2.06,3,1,7,61.2,58.0,5203
33868,2.07,2,2,4,60.6,58.0,16378
33874,2.25,4,6,7,61.4,54.0,9072
33879,2.4,4,3,3,62.0,55.0,18374
33886,2.01,3,4,3,59.4,62.0,14939
33923,3.02,0,2,7,65.2,56.0,10577
33924,2.02,4,4,3,61.7,57.0,17265
33934,2.22,0,3,7,70.1,55.0,6564
33990,2.01,3,3,1,61.1,60.0,17849
33994,2.33,3,1,1,61.1,58.0,11638
33997,2.12,3,2,3,60.6,59.0,15097
34070,2.03,4,2,4,62.7,57.0,16945
34073,2.1,4,3,3,63.1,55.0,18462
34129,2.0,2,2,4,58.6,62.0,15923
34138,2.01,3,3,3,62.2,61.0,15673
34152,2.0,3,2,4,58.6,62.0,16068
34176,2.77,3,3,7,62.6,62.0,10424
34207,2.0,0,3,3,65.9,58.0,12554
34333,2.01,3,3,1,61.8,58.0,17347
34394,2.3,3,3,3,62.7,56.0,15992
34413,2.0,3,7,3,61.9,59.0,13098
34438,2.01,3,4,1,61.8,59.0,15105
34452,2.01,0,4,3,65.0,60.0,13721
34494,2.01,2,3,3,63.0,59.0,15773
34527,2.22,3,2,4,60.5,59.0,14662
34545,2.01,4,4,3,60.9,55.0,17609
34602,2.13,0,3,3,64.5,58.0,13370
34619,2.01,1,3,3,62.3,60.0,14426
34624,2.1,3,2,1,59.9,61.0,15615
34628,2.01,3,2,4,59.2,62.0,16778
34630,2.01,3,3,3,61.6,58.0,16499
34657,2.18,2,5,3,63.4,60.0,12099
34675,2.01,1,6,3,60.0,64.0,16733
34688,2.03,3,4,3,60.1,60.0,17393
34699,2.04,3,1,0,62.6,58.0,14660
34702,2.06,2,5,3,61.5,56.0,16603
34703,2.07,1,2,4,64.1,57.0,15119
34740,2.04,2,2,1,62.9,54.0,17323
34763,2.14,2,5,3,58.2,61.0,17582
34814,2.04,4,1,1,59.1,59.0,12554
34819,2.11,3,1,4,59.9,60.0,13046
34842,2.07,3,2,3,60.5,60.0,15055
34863,2.54,2,2,3,63.5,58.0,15394
34881,2.27,1,3,3,63.6,58.0,14249
34906,2.01,2,5,3,63.3,59.0,11925
34975,2.09,3,2,3,60.1,59.0,10042
35006,2.8,1,4,3,63.8,58.0,18788
35037,2.16,4,4,3,62.5,54.2,18001
35069,2.03,3,4,4,59.6,60.0,18680
35128,2.02,2,1,3,63.5,57.0,11475
35138,2.16,4,3,7,62.2,56.0,8709
35174,2.05,3,2,1,60.6,58.0,16611
35183,2.01,2,5,3,60.3,60.0,16728
35185,2.03,4,2,4,59.9,60.0,15826
35202,2.01,3,2,4,61.0,61.0,16778
35228,2.07,2,3,3,63.3,56.0,15992
35284,2.04,3,3,1,62.5,61.0,18115
35298,2.0,1,2,1,63.9,57.0,12554
35301,2.0,4,2,0,62.0,57.0,17889
35383,2.03,4,4,3,62.5,56.0,16505
35401,2.03,3,6,3,61.5,59.0,18477
35429,2.01,3,5,3,61.3,61.0,16881
35491,2.15,2,3,3,62.8,58.0,17065
35530,2.09,4,2,3,63.0,57.0,14838
35536,2.04,3,2,3,59.8,59.0,14605
35542,2.05,3,7,1,60.4,58.0,17776
35592,2.3,4,4,3,61.6,57.0,15433
35604,2.02,4,2,3,62.3,55.0,10577
35629,2.01,1,1,1,63.6,59.0,12257
35637,2.21,4,4,3,60.1,60.0,15948
35641,2.01,2,2,0,62.8,59.0,17877
35654,2.01,1,2,4,59.9,65.0,15729
35656,2.5,4,1,3,60.7,55.0,15990
35726,2.19,4,3,3,62.0,56.0,17433
35735,2.01,3,2,3,62.7,58.0,10558
35736,2.01,3,2,3,62.0,56.0,12338
35744,2.01,1,2,1,64.1,62.0,13464
35768,2.01,3,2,1,58.9,59.0,13755
35873,2.01,0,4,4,67.5,55.0,17917
35882,2.02,4,2,3,61.7,57.0,13109
35901,2.03,2,5,3,59.8,56.0,15811
35933,2.01,4,2,3,62.9,56.0,13574
36013,2.01,3,3,4,62.6,59.0,13599
36024,2.25,1,1,1,62.4,61.0,15287
36026,2.51,0,3,3,64.7,57.0,18308
36029,2.13,3,4,3,60.7,60.0,16778
36068,2.02,0,3,4,64.5,57.0,18565
36091,2.17,0,4,7,55.6,62.0,6817
36103,2.05,1,4,7,56.9,58.0,7026
36122,2.02,4,3,4,61.6,56.0,18050
36131,2.01,4,3,3,60.1,57.0,15562
36139,2.0,4,1,4,62.3,55.0,13263
36148,2.02,1,2,0,57.9,63.0,17533
36186,2.03,4,2,1,62.9,57.0,15291
36188,2.01,4,2,0,62.5,56.0,17523
36192,2.0,2,2,1,63.6,57.0,14057
36231,2.01,1,7,3,59.9,65.0,16776
36240,2.01,1,2,3,63.5,60.0,12985
36249,2.02,3,1,4,61.1,58.0,12832
36323,2.09,2,5,3,62.5,60.0,16210
36340,2.0,1,1,4,58.0,62.0,13542
36348,2.08,2,3,3,63.4,59.0,13206
36349,2.11,4,1,0,61.8,56.2,15766
36361,2.04,2,1,3,61.7,57.0,11276
36417,2.0,3,5,3,60.6,62.0,11198
36510,2.09,3,2,1,60.8,59.0,15339
36514,2.18,2,6,7,62.0,60.0,10340
36535,2.04,4,4,1,59.0,57.0,18663
36554,2.02,4,1,3,62.7,56.9,11314
36584,2.17,4,2,1,60.7,57.0,17747
36643,2.01,1,2,1,62.2,61.0,15371
36649,2.13,1,3,3,59.2,58.0,16062
36689,2.01,3,2,3,60.0,61.0,13400
36734,2.24,3,1,0,60.9,58.0,11970
36840,2.01,2,2,4,59.6,58.0,16383
36923,2.01,3,1,4,61.1,59.0,13228
36944,2.03,3,3,7,59.4,59.0,7421
36954,2.0,0,5,3,59.8,68.0,12610
37020,2.04,3,2,4,61.0,61.0,16768
37073,2.29,2,2,1,61.8,59.0,18068
37083,2.0,1,2,0,58.8,65.0,15851
37103,2.02,3,2,4,59.0,59.0,17893
37129,2.07,0,4,7,67.7,56.0,6503
37189,2.02,4,1,1,59.8,60.0,12713
37190,2.24,3,2,3,62.5,59.0,16097
37214,2.01,1,3,1,62.8,59.0,14968
37235,2.05,3,5,3,60.2,59.0,18784
37236,2.03,4,2,4,62.7,57.0,16792
37237,2.02,3,3,1,63.0,60.0,13453
37240,2.09,1,1,4,57.2,64.0,11576
37281,2.01,1,3,3,64.0,51.0,15888
37301,2.0,4,6,1,62.6,57.0,16650
37349,2.22,3,5,3,59.2,59.0,13553
37355,2.03,3,2,4,60.5,62.0,16483
37421,2.03,1,2,3,63.8,63.0,9651
37429,2.01,2,3,4,60.7,56.0,18561
37456,2.52,2,4,3,63.2,58.0,17689
37461,2.03,4,2,1,62.6,55.0,14548
37503,2.01,0,3,3,65.3,56.0,10772
37591,2.2,2,3,4,63.3,58.0,16239
37593,2.03,2,7,3,62.4,59.0,18120
37655,2.01,3,3,4,62.8,58.0,13342
37661,2.08,1,2,3,63.8,58.0,13956
37669,2.22,2,1,1,58.7,60.0,13782
37686,2.19,3,2,3,60.8,60.0,15032
37721,2.07,4,2,1,61.2,57.0,14857
37782,2.0,0,4,3,66.5,56.0,14208
37785,2.07,3,3,1,62.7,58.0,13993
37788,2.01,3,6,3,58.9,60.0,17179
37798,2.14,4,3,3,61.9,57.0,12400
37800,2.13,4,1,4,62.1,55.0,15258
37813,2.63,4,1,3,62.1,57.0,16914
37845,2.14,3,1,3,61.5,59.0,13205
37852,2.0,2,6,3,62.9,56.0,16064
37859,2.22,2,2,3,62.9,59.0,15047
37864,3.22,4,2,7,62.6,55.0,12545
37870,2.06,3,4,3,62.7,58.0,17650
37882,2.0,2,2,3,63.1,56.0,9435
37891,2.0,3,1,0,63.0,58.0,9296
37906,2.01,1,2,0,62.5,56.0,17365
37937,2.13,3,1,3,62.6,58.0,13148
37941,2.11,4,2,4,60.3,61.0,16512
37974,2.24,4,2,3,62.1,53.6,15730
37989,2.53,3,1,3,62.6,57.0,16934
38035,2.01,3,3,1,60.2,58.0,14502
38081,2.19,2,6,3,62.4,61.0,18067
38157,2.05,3,2,3,62.0,58.0,9850
38183,2.03,4,4,1,62.0,57.0,14637
38189,2.01,3,2,3,62.3,59.0,12182
38225,2.04,4,3,3,61.2,56.0,15874
38234,2.63,2,1,7,62.3,61.0,10437
38257,2.01,3,4,3,60.1,60.0,17403
38258,2.02,4,3,1,62.5,54.0,17245
38309,2.01,3,3,1,61.4,56.0,18295
38350,2.0,1,2,4,63.6,60.0,16291
38362,2.01,3,2,1,62.4,61.0,15707
38376,2.01,3,7,3,61.8,59.0,17235
38380,2.06,3,5,7,58.7,61.0,9967
38393,2.46,4,1,3,62.3,57.0,16466
38450,2.02,3,3,3,62.6,59.0,13850
38468,2.03,4,3,3,61.8,56.0,15143
38474,2.15,3,3,7,62.9,57.0,6357
38486,2.12,3,4,3,62.6,59.0,18164
38495,2.02,2,3,3,62.7,59.0,15666
38604,2.14,4,2,4,62.2,57.0,13844
38632,2.01,2,3,1,61.5,60.0,17003
38662,2.02,4,1,1,62.2,57.0,13132
38670,2.14,3,2,4,59.3,59.0,15559
38737,2.48,3,2,4,60.1,58.0,16820
38738,2.06,4,2,3,63.3,54.0,14505
38763,2.0,2,2,4,63.3,56.0,16694
38792,2.16,4,2,3,61.9,54.0,15124
38865,2.11,3,1,3,62.0,60.0,11663
38901,2.25,4,3,1,62.4,56.0,14348
38929,2.03,4,1,3,62.1,57.0,12716
38933,2.31,2,2,3,62.9,58.0,17062
38978,2.01,2,1,4,61.1,59.0,13109
38979,2.48,4,2,3,62.3,57.0,12883
39003,2.01,2,3,3,62.7,60.0,14768
39016,2.36,4,3,3,62.2,55.0,17569
39051,2.06,3,2,3,60.1,58.0,14982
39089,2.07,2,3,1,62.1,59.0,17893
39095,2.0,3,2,4,61.8,56.0,17716
39174,2.01,2,1,3,61.0,57.0,11110
39179,2.0,0,4,1,65.5,58.0,11935
39182,2.02,2,3,3,60.8,60.0,14498
39207,2.22,2,1,3,61.2,63.0,10662
39212,2.31,3,2,3,58.8,58.0,17000
39222,2.01,4,2,4,66.7,56.0,15729
39298,2.01,3,3,4,62.6,58.0,15395
39337,2.22,1,2,1,57.8,58.0,17151
39373,2.2,0,2,7,66.3,56.0,7934
39407,2.3,3,3,3,60.6,59.0,14042
39438,2.09,3,1,3,60.0,60.0,13092
39446,2.01,1,3,1,63.2,58.0,15919
39457,2.54,4,4,3,62.7,56.0,17339
39516,2.06,3,2,0,58.4,55.0,15393
39584,2.12,2,3,1,60.7,55.0,18118
39608,2.01,3,5,3,59.5,59.0,15841
39636,2.0,0,3,0,66.0,56.0,14199
39663,2.01,4,2,1,62.3,58.0,14540
39671,2.05,4,1,4,61.7,54.9,14111
39673,2.01,2,3,3,60.5,61.0,16140
39684,2.02,4,1,4,62.0,56.0,12832
39692,2.19,3,3,1,61.6,58.0,17016
39716,2.0,4,4,1,61.7,55.0,13675
39739,2.06,2,1,1,62.0,57.0,11764
39750,2.01,3,4,3,60.8,61.0,12260
39752,2.01,3,5,3,58.4,59.0,13610
39766,2.42,3,1,3,58.5,59.0,16198
39808,2.32,3,2,1,61.2,58.0,18026
39810,2.02,3,1,3,59.7,56.0,9728
39868,2.04,2,2,0,61.8,60.0,18127
39879,2.01,1,3,0,57.6,63.0,18340
39918,2.14,2,1,1,62.3,59.0,14556
39991,2.04,3,2,1,58.8,60.0,14775
40000,2.17,3,7,3,62.2,59.0,16472
40002,2.01,3,2,1,61.5,60.0,16499
40003,2.01,2,2,0,62.9,62.0,16914
40017,2.01,1,4,1,60.3,60.0,18625
40053,2.33,1,4,3,63.9,60.0,13242
40055,2.0,2,3,3,59.7,61.0,15312
40068,2.01,3,1,4,61.8,61.0,12541
40098,2.04,2,1,3,63.4,55.0,9482
40109,2.18,3,4,3,61.9,60.0,17841
40111,2.01,2,3,7,58.1,63.0,6592
40122,2.01,2,2,3,60.9,60.0,13488
40129,2.07,3,1,4,61.5,59.0,13675
40155,2.01,0,2,7,55.9,64.0,5696
40225,2.25,0,4,7,64.9,58.0,7069
40274,2.02,2,5,1,60.1,60.0,17658
40276,2.02,4,3,1,61.7,57.0,17882
40290,2.18,3,3,3,59.1,60.0,17473
40326,2.06,3,4,1,59.3,61.0,13317
