carat,depth,table,cut_0,cut_1,cut_2,cut_3,cut_4,color_1,color_2,color_3,color_4,color_5,color_6,color_7,clarity_0,clarity_1,clarity_2,clarity_3,clarity_4,clarity_5,clarity_6,clarity_7,price
2.05,62.4,57.0,0,0,0,0,1,0,0,0,0,0,1,0,0,1,0,0,0,0,0,0,18193
2.01,64.9,60.0,1,0,0,0,0,1,0,0,0,0,0,0,0,0,0,0,1,0,0,0,13744
2.0,64.2,52.0,0,1,0,0,0,0,1,0,0,0,0,0,0,0,0,1,0,0,0,0,11400
2.0,60.3,56.0,0,1,0,0,0,0,0,0,0,0,0,1,0,0,0,1,0,0,0,0,16425
2.28,62.7,57.0,0,0,0,0,1,1,0,0,0,0,0,0,0,0,0,0,1,0,0,0,16450
2.02,60.4,58.0,0,0,1,0,0,0,1,0,0,0,0,0,0,1,0,0,0,0,0,0,17357
2.0,60.7,60.0,0,0,0,1,0,0,0,1,0,0,0,0,0,0,0,1,0,0,0,0,15312
2.01,61.5,62.0,0,0,0,1,0,0,1,0,0,0,0,0,1,0,0,0,0,0,0,0,15475
2.31,62.9,58.0,0,0,0,1,0,0,1,0,0,0,0,0,0,0,0,1,0,0,0,0,17218
2.01,60.6,57.0,0,0,0,0,1,0,0,1,0,0,0,0,0,1,0,0,0,0,0,0,17383
2.02,62.7,57.0,0,0,0,0,1,0,0,1,0,0,0,0,0,0,0,1,0,0,0,0,15785
2.01,60.1,60.0,0,0,1,0,0,0,0,1,0,0,0,0,0,1,0,0,0,0,0,0,17476
2.0,62.8,57.0,0,0,0,1,0,0,0,1,0,0,0,0,0,0,0,1,0,0,0,0,11975
2.0,70.2,57.0,1,0,0,0,0,0,0,0,0,1,0,0,0,0,0,1,0,0,0,0,15351
2.0,63.7,61.0,0,0,1,0,0,0,1,0,0,0,0,0,0,0,0,1,0,0,0,0,12221
3.51,62.5,59.0,0,0,0,1,0,1,0,0,0,0,0,0,0,0,0,0,1,0,0,0,18701
2.21,62.9,60.0,0,0,0,1,0,0,0,1,0,0,0,0,0,0,0,1,0,0,0,0,13369
2.11,58.4,62.0,0,0,0,1,0,0,1,0,0,0,0,0,0,0,0,1,0,0,0,0,14615
2.08,62.3,59.0,0,0,0,1,0,0,0,0,0,0,1,0,0,0,0,1,0,0,0,0,15873
2.23,63.5,57.0,0,0,1,0,0,0,0,0,1,0,0,0,0,0,0,0,0,0,0,1,7006
2.12,61.0,57.0,0,0,0,0,1,0,1,0,0,0,0,0,0,0,0,1,0,0,0,0,15647
2.09,61.8,56.0,0,0,0,0,1,0,1,0,0,0,0,0,0,1,0,0,0,0,0,0,17114
2.11,62.4,53.0,0,0,1,0,0,0,1,0,0,0,0,0,0,1,0,0,0,0,0,0,14740
2.02,61.7,58.0,0,0,0,1,0,0,1,0,0,0,0,0,0,0,0,1,0,0,0,0,14350
2.35,62.6,60.0,0,0,0,1,0,0,0,1,0,0,0,0,0,1,0,0,0,0,0,0,17999
2.01,61.7,60.0,0,0,1,0,0,0,1,0,0,0,0,0,0,1,0,0,0,0,0,0,13464
2.32,62.0,57.0,0,0,0,0,1,0,1,0,0,0,0,0,0,0,0,1,0,0,0,0,17516
2.01,60.8,60.0,0,0,1,0,0,0,1,0,0,0,0,0,0,1,0,0,0,0,0,0,13849
2.02,62.7,57.0,0,0,0,0,1,0,0,0,0,1,0,0,0,0,0,1,0,0,0,0,13453
2.15,61.7,55.0,0,0,0,0,1,0,1,0,0,0,0,0,0,0,0,1,0,0,0,0,14519
2.11,61.0,57.0,0,0,0,0,1,0,1,0,0,0,0,0,0,1,0,0,0,0,0,0,15486
2.0,61.8,56.0,0,0,0,1,0,0,0,0,0,0,1,0,0,0,0,1,0,0,0,0,18426
2.52,66.9,57.0,1,0,0,0,0,0,0,0,1,0,0,0,0,0,0,0,0,0,0,1,10076
2.03,63.2,60.0,0,0,1,0,0,1,0,0,0,0,0,0,0,0,1,0,0,0,0,0,16043
2.18,62.9,59.0,0,0,0,1,0,1,0,0,0,0,0,0,0,1,0,0,0,0,0,0,13938
2.25,60.6,63.0,0,0,1,0,0,1,0,0,0,0,0,0,0,0,0,1,0,0,0,0,8442
2.2,60.0,58.0,0,0,0,0,1,0,0,1,0,0,0,0,0,0,0,1,0,0,0,0,16530
2.01,62.7,58.0,0,0,0,1,0,0,1,0,0,0,0,0,0,0,0,0,1,0,0,0,16778
2.02,61.9,58.0,0,0,0,0,1,1,0,0,0,0,0,0,1,0,0,0,0,0,0,0,15231
2.01,66.3,57.0,1,0,0,0,0,0,1,0,0,0,0,0,0,0,0,0,1,0,0,0,15729
3.0,59.3,64.0,0,1,0,0,0,1,0,0,0,0,0,0,0,0,0,1,0,0,0,0,14918
2.0,63.0,61.0,0,1,0,0,0,0,0,0,0,1,0,0,0,1,0,0,0,0,0,0,18376
2.09,61.1,56.0,0,0,0,1,0,0,0,1,0,0,0,0,0,1,0,0,0,0,0,0,18559
2.0,61.4,63.0,0,1,0,0,0,1,0,0,0,0,0,0,0,0,0,0,1,0,0,0,13542
2.05,62.4,57.0,0,0,0,0,1,0,0,1,0,0,0,0,0,1,0,0,0,0,0,0,17294
2.03,65.4,58.0,1,0,0,0,0,0,0,0,0,1,0,0,0,1,0,0,0,0,0,0,16280
2.24,61.4,57.0,0,0,0,1,0,0,0,1,0,0,0,0,0,0,0,1,0,0,0,0,16656
2.03,62.1,59.0,0,0,0,1,0,1,0,0,0,0,0,0,0,1,0,0,0,0,0,0,12862
2.0,61.5,57.0,0,0,0,0,1,0,0,1,0,0,0,0,0,0,0,1,0,0,0,0,12587
2.01,64.8,55.0,0,0,0,0,1,0,1,0,0,0,0,0,0,0,0,0,1,0,0,0,15729
2.0,58.9,57.0,0,0,0,1,0,0,0,1,0,0,0,0,0,0,0,1,0,0,0,0,12210
2.05,59.8,56.0,0,0,1,0,0,0,1,0,0,0,0,0,0,0,0,1,0,0,0,0,12839
2.08,62.0,60.0,0,0,0,1,0,0,0,0,0,1,0,0,0,0,0,1,0,0,0,0,13437
2.08,58.8,60.0,0,0,0,1,0,0,0,1,0,0,0,0,0,0,0,1,0,0,0,0,14462
2.04,62.4,58.0,0,0,0,1,0,0,0,0,1,0,0,0,0,0,0,0,0,0,0,1,9905
2.1,61.3,59.0,0,0,0,1,0,1,0,0,0,0,0,0,0,0,0,0,1,0,0,0,14359
2.1,58.3,54.0,0,0,0,1,0,1,0,0,0,0,0,0,0,0,0,0,1,0,0,0,12401
2.02,61.7,58.0,0,0,0,1,0,0,0,0,0,1,0,0,0,0,0,1,0,0,0,0,18320
2.03,63.2,55.0,0,0,0,0,1,1,0,0,0,0,0,0,0,0,0,1,0,0,0,0,11951
2.1,62.6,56.0,0,0,0,1,0,0,0,0,1,0,0,0,0,0,0,1,0,0,0,0,15175
2.01,62.1,56.0,0,0,0,0,1,0,0,0,0,0,0,1,0,0,0,1,0,0,0,0,18674
2.1,62.9,59.0,0,0,0,1,0,0,0,0,0,0,1,0,0,0,0,1,0,0,0,0,16783
2.01,61.7,63.0,0,0,1,0,0,0,0,1,0,0,0,0,0,0,0,0,0,0,0,1,8104
2.06,62.7,60.0,0,0,0,1,0,0,1,0,0,0,0,0,0,0,0,1,0,0,0,0,13198
2.19,63.7,56.0,0,1,0,0,0,0,0,0,1,0,0,0,0,1,0,0,0,0,0,0,13978
2.02,62.4,55.0,0,0,1,0,0,1,0,0,0,0,0,0,0,0,0,1,0,0,0,0,11757
2.02,62.2,57.0,0,0,0,0,1,0,1,0,0,0,0,0,0,1,0,0,0,0,0,0,16704
2.51,62.3,57.0,0,0,1,0,0,0,1,0,0,0,0,0,0,0,0,1,0,0,0,0,18090
2.04,61.9,60.0,0,1,0,0,0,0,0,0,0,0,0,1,0,1,0,0,0,0,0,0,18468
2.1,61.5,57.0,0,0,0,1,0,0,1,0,0,0,0,0,0,1,0,0,0,0,0,0,15007
2.23,62.4,59.0,0,0,0,1,0,1,0,0,0,0,0,0,0,1,0,0,0,0,0,0,14258
2.0,61.9,55.0,0,0,1,0,0,1,0,0,0,0,0,0,0,0,0,1,0,0,0,0,11792
2.08,60.3,59.0,0,0,0,1,0,0,1,0,0,0,0,0,0,1,0,0,0,0,0,0,15065
2.68,58.6,60.0,0,0,0,1,0,0,0,0,1,0,0,0,0,0,0,0,0,0,0,1,8419
2.0,61.5,59.0,0,0,0,1,0,0,0,0,0,1,0,0,0,0,0,1,0,0,0,0,11413
2.1,59.1,58.0,0,0,1,0,0,1,0,0,0,0,0,0,0,0,0,1,0,0,0,0,12381
2.01,63.2,58.0,0,0,1,0,0,0,0,1,0,0,0,0,0,0,0,0,1,0,0,0,18507
2.01,65.0,57.0,0,1,0,0,0,0,1,0,0,0,0,0,0,0,0,0,1,0,0,0,17497
2.0,61.6,57.0,0,0,0,0,1,0,0,1,0,0,0,0,0,0,0,0,1,0,0,0,13531
2.44,61.4,56.0,0,0,0,1,0,0,1,0,0,0,0,0,0,0,0,1,0,0,0,0,13027
2.01,60.8,59.0,0,0,1,0,0,0,0,0,0,0,1,0,0,1,0,0,0,0,0,0,16956
2.26,62.4,57.0,0,0,0,0,1,0,1,0,0,0,0,0,0,1,0,0,0,0,0,0,16904
2.05,59.8,59.0,0,0,0,0,1,0,0,0,1,0,0,0,0,0,0,1,0,0,0,0,16446
2.12,60.0,58.0,0,0,0,1,0,0,0,0,1,0,0,0,0,0,0,0,0,0,0,1,7508
2.35,61.1,58.0,0,0,0,1,0,0,1,0,0,0,0,0,0,0,0,1,0,0,0,0,17294
2.02,61.5,58.0,0,0,0,1,0,0,0,1,0,0,0,0,0,0,0,1,0,0,0,0,17166
2.32,63.2,59.0,0,0,1,0,0,0,1,0,0,0,0,0,0,1,0,0,0,0,0,0,18371
2.21,61.3,60.0,0,0,0,1,0,0,0,1,0,0,0,0,0,0,0,1,0,0,0,0,14299
2.01,63.3,61.0,0,0,1,0,0,0,0,0,0,0,1,0,0,0,0,1,0,0,0,0,15618
2.01,64.9,56.0,1,0,0,0,0,0,0,1,0,0,0,0,0,0,0,1,0,0,0,0,10184
2.02,60.2,55.0,0,1,0,0,0,0,0,1,0,0,0,0,0,0,0,1,0,0,0,0,16565
2.2,62.0,57.0,0,0,0,0,1,0,0,0,1,0,0,0,0,0,0,1,0,0,0,0,18168
2.01,63.6,59.0,0,1,0,0,0,1,0,0,0,0,0,0,0,1,0,0,0,0,0,0,12369
2.05,62.3,60.0,0,0,0,1,0,1,0,0,0,0,0,0,0,0,0,0,1,0,0,0,13543
2.07,61.4,58.0,0,0,0,1,0,0,0,0,0,0,1,0,0,0,0,1,0,0,0,0,13786
2.03,63.0,56.0,0,0,0,0,1,0,0,0,1,0,0,0,0,1,0,0,0,0,0,0,12618
2.01,62.8,56.0,0,0,0,0,1,0,0,0,1,0,0,0,0,0,0,1,0,0,0,0,15841
2.1,62.9,64.0,0,1,0,0,0,0,1,0,0,0,0,0,0,0,0,1,0,0,0,0,11818
3.65,67.1,53.0,1,0,0,0,0,0,0,1,0,0,0,0,0,0,0,0,0,0,0,1,11668
2.04,58.3,58.0,0,0,0,1,0,0,0,0,0,0,1,0,0,0,0,1,0,0,0,0,17379
2.53,64.6,59.0,1,0,0,0,0,0,0,1,0,0,0,0,0,0,0,1,0,0,0,0,17103
2.29,63.4,57.0,0,0,1,0,0,0,0,1,0,0,0,0,0,0,0,1,0,0,0,0,11502
2.01,60.2,61.0,0,0,1,0,0,1,0,0,0,0,0,0,1,0,0,0,0,0,0,0,12845
2.02,62.4,56.0,0,0,0,0,1,1,0,0,0,0,0,0,0,1,0,0,0,0,0,0,12591
2.13,60.7,60.0,0,0,0,1,0,0,0,0,1,0,0,0,0,0,0,1,0,0,0,0,16931
2.14,60.7,59.0,0,0,0,1,0,0,1,0,0,0,0,0,0,0,0,0,1,0,0,0,17038
2.23,59.4,59.0,0,0,0,1,0,0,0,1,0,0,0,0,0,0,0,1,0,0,0,0,12921
2.0,62.0,57.0,0,0,0,0,1,0,0,0,0,1,0,0,0,0,0,1,0,0,0,0,17871
2.03,59.9,58.0,0,0,0,1,0,0,1,0,0,0,0,0,0,1,0,0,0,0,0,0,15095
2.0,69.1,56.0,1,0,0,0,0,0,1,0,0,0,0,0,0,0,0,1,0,0,0,0,8736
2.04,60.9,59.0,0,0,0,1,0,1,0,0,0,0,0,0,0,0,0,0,1,0,0,0,11209
2.14,63.8,57.0,0,1,0,0,0,0,1,0,0,0,0,0,0,0,0,1,0,0,0,0,14452
2.28,62.5,58.0,0,0,0,1,0,0,0,1,0,0,0,0,0,0,0,1,0,0,0,0,15413
2.14,62.7,55.0,0,0,0,0,1,0,0,0,0,0,1,0,0,0,0,1,0,0,0,0,13065
2.29,60.8,60.0,0,0,0,1,0,0,1,0,0,0,0,0,0,0,0,0,1,0,0,0,18653
2.12,62.4,58.0,0,0,0,1,0,0,0,0,0,0,1,0,0,0,0,1,0,0,0,0,13884
3.01,56.1,62.0,1,0,0,0,0,0,0,1,0,0,0,0,0,0,0,0,0,0,0,1,10761
2.01,59.1,60.0,0,0,0,1,0,0,0,0,0,0,0,1,0,0,0,1,0,0,0,0,13811
2.39,62.1,57.0,0,0,0,0,1,1,0,0,0,0,0,0,1,0,0,0,0,0,0,0,17365
2.18,63.3,59.0,0,0,1,0,0,0,0,0,1,0,0,0,0,0,0,1,0,0,0,0,12377
2.01,60.2,59.0,0,0,0,1,0,0,1,0,0,0,0,0,0,1,0,0,0,0,0,0,17474
2.27,61.1,60.0,0,0,0,0,1,0,0,0,1,0,0,0,0,1,0,0,0,0,0,0,18343
2.01,61.8,62.0,0,0,0,1,0,0,0,1,0,0,0,0,0,0,0,1,0,0,0,0,11646
2.04,59.9,59.0,0,0,1,0,0,1,0,0,0,0,0,0,0,0,0,0,1,0,0,0,12095
2.54,62.5,55.0,0,0,0,0,1,0,0,0,1,0,0,0,0,0,0,1,0,0,0,0,14421
2.29,62.8,56.0,0,0,0,0,1,1,0,0,0,0,0,0,0,0,0,1,0,0,0,0,14500
2.01,61.2,57.2,0,0,0,1,0,0,0,0,1,0,0,0,0,0,0,1,0,0,0,0,18705
2.24,61.9,58.0,0,0,0,1,0,0,1,0,0,0,0,0,0,0,0,1,0,0,0,0,15375
2.04,63.1,58.0,0,0,1,0,0,0,1,0,0,0,0,0,0,1,0,0,0,0,0,0,15412
2.17,58.9,62.0,0,1,0,0,0,0,0,1,0,0,0,0,0,0,0,1,0,0,0,0,16036
2.41,62.5,57.0,0,0,0,0,1,0,1,0,0,0,0,0,0,0,0,1,0,0,0,0,16987
2.03,60.8,59.0,0,0,0,0,1,0,1,0,0,0,0,0,0,0,0,1,0,0,0,0,13398
2.01,63.7,59.0,0,1,0,0,0,0,0,1,0,0,0,0,0,0,0,1,0,0,0,0,12423
2.18,61.4,60.0,0,0,0,0,1,0,1,0,0,0,0,0,0,0,0,1,0,0,0,0,14870
2.01,62.4,58.0,0,0,0,1,0,0,0,0,0,1,0,0,0,0,0,1,0,0,0,0,14279
2.02,63.2,54.0,0,0,1,0,0,0,0,0,1,0,0,0,0,0,0,1,0,0,0,0,13554
2.01,60.9,60.0,0,0,0,1,0,0,1,0,0,0,0,0,0,1,0,0,0,0,0,0,15528
2.01,65.9,57.0,1,0,0,0,0,0,0,1,0,0,0,0,0,0,0,1,0,0,0,0,12617
2.04,62.4,58.0,0,0,0,1,0,0,0,0,1,0,0,0,0,0,0,0,0,0,0,1,9727
2.02,58.7,62.0,0,0,1,0,0,0,0,1,0,0,0,0,0,0,0,1,0,0,0,0,14795
2.0,63.1,53.0,0,0,1,0,0,0,0,0,0,0,1,0,0,0,0,1,0,0,0,0,16380
2.2,62.0,57.0,0,0,0,1,0,0,1,0,0,0,0,0,0,0,0,0,1,0,0,0,18364
2.02,62.1,56.0,0,0,0,1,0,0,0,0,0,1,0,0,0,0,0,1,0,0,0,0,18678
2.02,62.9,60.0,0,0,0,1,0,0,1,0,0,0,0,0,0,0,0,1,0,0,0,0,13991
2.0,63.0,59.0,0,0,0,1,0,1,0,0,0,0,0,0,0,0,1,0,0,0,0,0,15214
2.01,63.8,58.0,0,1,0,0,0,0,1,0,0,0,0,0,0,0,0,0,1,0,0,0,15147
2.39,62.2,55.0,0,0,0,0,1,0,1,0,0,0,0,0,0,0,0,0,1,0,0,0,17955
2.06,60.3,56.0,0,0,0,0,1,0,0,0,0,0,0,1,0,0,0,1,0,0,0,0,18371
2.01,61.5,60.0,0,0,0,1,0,1,0,0,0,0,0,0,0,0,0,0,1,0,0,0,13228
2.19,62.3,62.0,0,0,0,1,0,0,0,1,0,0,0,0,0,1,0,0,0,0,0,0,15801
2.01,64.0,56.0,0,1,0,0,0,0,0,0,0,1,0,0,0,0,0,0,0,0,0,1,6686
2.11,60.8,61.0,0,0,0,1,0,0,0,1,0,0,0,0,0,0,0,0,1,0,0,0,16395
2.01,62.1,57.0,0,0,0,0,1,0,1,0,0,0,0,0,0,0,0,1,0,0,0,0,12338
2.01,65.6,56.0,1,0,0,0,0,0,0,0,1,0,0,0,0,0,0,1,0,0,0,0,15562
2.15,63.4,56.0,0,0,1,0,0,0,1,0,0,0,0,0,0,0,0,1,0,0,0,0,12100
2.01,61.5,56.0,0,0,0,0,1,0,1,0,0,0,0,0,0,0,0,1,0,0,0,0,14103
2.0,58.5,68.0,1,0,0,0,0,0,1,0,0,0,0,0,1,0,0,0,0,0,0,0,11322
2.09,60.1,63.0,0,0,1,0,0,0,0,1,0,0,0,0,0,0,0,1,0,0,0,0,12295
2.2,61.4,57.0,0,0,0,0,1,0,1,0,0,0,0,0,1,0,0,0,0,0,0,0,15092
2.22,59.9,59.0,0,0,0,1,0,0,1,0,0,0,0,0,0,1,0,0,0,0,0,0,18432
2.33,62.0,57.0,0,0,0,0,1,0,1,0,0,0,0,0,0,0,0,0,1,0,0,0,17504
2.01,63.5,59.0,0,0,1,0,0,0,1,0,0,0,0,0,1,0,0,0,0,0,0,0,14792
2.54,61.3,58.0,0,0,0,1,0,0,0,1,0,0,0,0,0,0,0,1,0,0,0,0,14717
2.08,62.6,59.0,0,0,0,1,0,0,0,1,0,0,0,0,0,1,0,0,0,0,0,0,17778
2.44,60.1,59.0,0,0,1,0,0,1,0,0,0,0,0,0,0,0,0,0,1,0,0,0,16533
2.22,62.4,55.0,0,0,1,0,0,0,1,0,0,0,0,0,0,1,0,0,0,0,0,0,17160
2.0,63.0,61.0,0,1,0,0,0,0,1,0,0,0,0,0,0,1,0,0,0,0,0,0,15072
2.0,66.4,55.0,1,0,0,0,0,1,0,0,0,0,0,0,0,1,0,0,0,0,0,0,11189
2.0,63.8,59.0,0,1,0,0,0,0,0,1,0,0,0,0,0,0,0,1,0,0,0,0,12554
2.0,61.4,59.0,0,0,0,1,0,0,0,1,0,0,0,0,0,0,0,1,0,0,0,0,11108
2.26,61.9,58.0,0,0,0,1,0,0,0,1,0,0,0,0,0,0,0,1,0,0,0,0,11226
2.14,62.0,60.0,0,0,0,1,0,0,0,1,0,0,0,0,0,0,0,1,0,0,0,0,16723
2.01,61.8,62.0,0,0,1,0,0,0,1,0,0,0,0,0,0,1,0,0,0,0,0,0,13691
2.0,61.4,59.0,0,0,0,1,0,0,0,0,1,0,0,0,0,0,0,1,0,0,0,0,11544
2.03,61.3,59.0,0,0,0,1,0,0,0,0,1,0,0,0,0,1,0,0,0,0,0,0,18423
2.09,62.1,58.0,0,0,0,1,0,0,0,1,0,0,0,0,0,0,0,1,0,0,0,0,17001
2.26,60.3,58.0,0,0,0,1,0,0,0,1,0,0,0,0,0,1,0,0,0,0,0,0,18426
2.04,61.8,60.0,0,0,0,1,0,0,0,0,0,0,0,1,0,0,0,1,0,0,0,0,16872
2.0,63.8,57.0,0,1,0,0,0,0,0,0,0,0,0,1,0,0,0,1,0,0,0,0,10528
2.03,61.1,58.0,0,0,0,1,0,0,0,0,1,0,0,0,0,0,0,0,0,0,0,1,6377
2.0,60.1,62.0,0,0,0,1,0,0,0,0,1,0,0,0,0,0,0,1,0,0,0,0,15485
2.1,61.4,66.0,1,0,0,0,0,0,0,0,1,0,0,0,0,0,0,1,0,0,0,0,11946
2.01,61.6,57.0,0,0,0,0,1,0,0,1,0,0,0,0,0,1,0,0,0,0,0,0,17403
2.53,62.4,57.0,0,0,0,0,1,0,1,0,0,0,0,0,0,1,0,0,0,0,0,0,16709
2.53,62.6,60.0,0,0,0,1,0,0,0,1,0,0,0,0,0,0,0,1,0,0,0,0,14659
2.54,62.4,60.0,0,0,1,0,0,0,1,0,0,0,0,0,0,0,0,1,0,0,0,0,17996
2.0,63.4,60.0,0,0,1,0,0,0,0,0,0,0,1,0,0,0,0,1,0,0,0,0,14763
2.51,63.7,61.0,0,1,0,0,0,0,1,0,0,0,0,0,0,0,0,1,0,0,0,0,14209
2.05,63.7,61.0,0,1,0,0,0,0,0,0,1,0,0,0,0,0,0,1,0,0,0,0,16295
2.04,62.5,52.0,0,0,1,0,0,0,1,0,0,0,0,0,0,0,0,1,0,0,0,0,14477
2.06,61.0,59.0,0,0,0,1,0,0,1,0,0,0,0,0,0,0,0,1,0,0,0,0,14982
2.55,61.8,62.0,0,0,0,1,0,0,1,0,0,0,0,0,1,0,0,0,0,0,0,0,18766
2.14,62.0,54.0,0,0,0,0,1,1,0,0,0,0,0,0,0,0,0,0,1,0,0,0,14802
2.22,62.7,58.0,0,0,0,1,0,0,1,0,0,0,0,0,0,1,0,0,0,0,0,0,14095
2.01,62.1,59.0,0,0,0,1,0,0,1,0,0,0,0,0,0,0,0,0,1,0,0,0,15379
2.08,61.8,56.0,0,0,0,0,1,0,0,0,1,0,0,0,0,0,0,1,0,0,0,0,18124
2.03,62.9,57.0,0,0,1,0,0,0,1,0,0,0,0,0,0,1,0,0,0,0,0,0,15153
2.06,60.8,60.0,0,0,0,1,0,0,1,0,0,0,0,0,0,1,0,0,0,0,0,0,15494
2.2,60.2,60.0,0,0,1,0,0,0,1,0,0,0,0,0,0,0,0,1,0,0,0,0,15424
2.39,59.6,60.0,0,0,1,0,0,1,0,0,0,0,0,0,1,0,0,0,0,0,0,0,17920
2.28,62.1,59.0,0,0,0,1,0,0,0,1,0,0,0,0,0,0,0,1,0,0,0,0,17892
2.14,61.3,61.0,0,0,0,1,0,0,1,0,0,0,0,0,0,1,0,0,0,0,0,0,15913
2.55,63.7,59.0,0,1,0,0,0,0,0,1,0,0,0,0,0,0,0,1,0,0,0,0,14775
2.01,59.3,58.0,0,0,0,0,1,0,0,1,0,0,0,0,0,1,0,0,0,0,0,0,17403
2.03,61.7,54.0,0,0,1,0,0,0,0,0,1,0,0,0,0,1,0,0,0,0,0,0,18507
2.0,64.1,57.0,0,1,0,0,0,0,0,0,0,0,0,1,0,0,0,1,0,0,0,0,17094
2.13,62.6,56.0,0,0,0,0,1,0,1,0,0,0,0,0,0,0,0,1,0,0,0,0,12356
2.43,61.7,60.0,0,0,0,1,0,0,0,0,1,0,0,0,0,0,0,0,0,0,0,1,9716
2.04,63.0,58.0,0,0,1,0,0,1,0,0,0,0,0,0,0,0,0,0,1,0,0,0,13609
2.0,61.7,58.0,0,0,0,1,0,0,0,1,0,0,0,0,0,1,0,0,0,0,0,0,11200
2.02,62.1,61.0,0,0,0,1,0,0,0,1,0,0,0,0,0,1,0,0,0,0,0,0,17265
2.12,62.2,57.0,0,0,0,0,1,0,1,0,0,0,0,0,0,1,0,0,0,0,0,0,12284
2.13,61.5,58.0,0,0,0,1,0,0,0,0,0,1,0,0,0,0,0,1,0,0,0,0,17045
2.01,61.9,57.0,0,0,0,1,0,0,0,1,0,0,0,0,0,0,0,1,0,0,0,0,13199
2.66,63.8,57.0,0,1,0,0,0,0,0,1,0,0,0,0,0,0,0,1,0,0,0,0,16239
2.03,64.4,54.0,0,0,0,0,1,0,0,1,0,0,0,0,0,1,0,0,0,0,0,0,16900
2.06,61.1,57.0,0,0,0,1,0,0,1,0,0,0,0,0,0,0,0,1,0,0,0,0,12842
2.03,62.1,57.0,0,0,0,0,1,1,0,0,0,0,0,0,0,0,0,0,1,0,0,0,13880
2.08,57.0,63.0,0,1,0,0,0,0,1,0,0,0,0,0,0,0,0,1,0,0,0,0,11313
2.01,63.1,58.0,0,1,0,0,0,0,0,0,0,0,1,0,0,0,0,1,0,0,0,0,15255
2.28,61.6,57.0,0,0,0,0,1,1,0,0,0,0,0,0,0,1,0,0,0,0,0,0,12755
2.01,63.0,56.0,0,0,0,1,0,0,1,0,0,0,0,0,0,0,0,1,0,0,0,0,11312
2.02,61.9,60.0,0,0,1,0,0,0,1,0,0,0,0,0,0,0,0,1,0,0,0,0,14715
2.31,62.5,55.0,0,0,1,0,0,0,1,0,0,0,0,0,0,1,0,0,0,0,0,0,16801
2.22,62.7,61.2,0,1,0,0,0,0,1,0,0,0,0,0,0,0,0,1,0,0,0,0,14285
2.01,56.9,59.0,0,1,0,0,0,0,1,0,0,0,0,0,0,0,0,1,0,0,0,0,11312
2.14,59.7,57.0,0,0,1,0,0,0,1,0,0,0,0,0,0,0,0,0,1,0,0,0,16914
2.02,61.3,56.0,0,0,0,1,0,0,0,0,1,0,0,0,0,0,0,1,0,0,0,0,16929
2.03,61.5,57.0,0,0,0,0,1,0,0,0,1,0,0,0,0,0,0,1,0,0,0,0,12154
2.01,60.1,61.0,0,1,0,0,0,0,0,0,1,0,0,0,0,1,0,0,0,0,0,0,18374
2.09,60.6,57.0,0,0,0,0,1,0,0,1,0,0,0,0,0,0,0,1,0,0,0,0,16703
2.02,61.4,61.0,0,0,0,1,0,0,0,1,0,0,0,0,0,1,0,0,0,0,0,0,13229
2.0,61.1,58.0,0,0,0,1,0,0,1,0,0,0,0,0,1,0,0,0,0,0,0,0,17436
2.22,64.4,58.0,1,0,0,0,0,0,0,0,1,0,0,0,0,0,0,1,0,0,0,0,12508
2.0,62.3,57.0,0,0,0,0,1,0,0,0,1,0,0,0,0,0,0,0,1,0,0,0,17760
2.0,61.6,59.0,0,0,0,1,0,0,0,0,0,0,0,1,0,0,0,1,0,0,0,0,17835
2.32,62.5,58.0,0,0,0,1,0,1,0,0,0,0,0,0,0,0,0,1,0,0,0,0,14666
2.0,63.5,59.0,0,1,0,0,0,0,1,0,0,0,0,0,0,0,0,0,1,0,0,0,14889
2.21,60.7,62.0,0,0,1,0,0,0,0,0,1,0,0,0,0,0,0,1,0,0,0,0,15825
2.29,60.1,58.0,0,0,0,1,0,0,0,0,1,0,0,0,0,0,0,1,0,0,0,0,13711
2.01,61.3,60.0,0,0,0,0,1,0,0,0,0,1,0,0,0,0,0,1,0,0,0,0,17798
2.07,59.4,61.0,0,0,0,1,0,0,1,0,0,0,0,0,0,1,0,0,0,0,0,0,15392
2.09,62.0,59.0,0,0,0,0,1,0,0,1,0,0,0,0,0,0,0,1,0,0,0,0,15589
2.01,56.7,58.0,0,1,0,0,0,0,0,1,0,0,0,0,0,1,0,0,0,0,0,0,13929
2.05,61.6,57.0,0,0,0,0,1,0,0,1,0,0,0,0,0,0,0,0,1,0,0,0,18659
2.09,61.0,60.0,0,0,0,1,0,0,0,1,0,0,0,0,0,0,0,1,0,0,0,0,10182
2.05,62.4,58.0,0,0,0,1,0,1,0,0,0,0,0,0,1,0,0,0,0,0,0,0,14224
2.0,66.5,56.0,1,0,0,0,0,1,0,0,0,0,0,0,0,0,0,0,0,0,0,1,6796
2.01,58.7,59.0,0,1,0,0,0,0,0,0,0,0,1,0,0,1,0,0,0,0,0,0,18027
2.0,58.1,60.0,0,0,1,0,0,0,0,0,0,0,1,0,0,0,0,1,0,0,0,0,15840
2.0,63.3,56.0,0,1,0,0,0,0,1,0,0,0,0,0,0,0,0,0,1,0,0,0,16544
2.28,61.9,61.0,0,0,0,1,0,0,0,1,0,0,0,0,0,0,0,1,0,0,0,0,16954
2.02,61.1,57.0,0,0,0,1,0,0,0,0,0,0,0,1,0,0,0,1,0,0,0,0,12108
2.14,66.4,56.0,1,0,0,0,0,0,0,1,0,0,0,0,0,0,0,0,0,0,0,1,6328
2.03,60.5,57.0,0,0,0,0,1,1,0,0,0,0,0,0,0,0,0,0,1,0,0,0,14083
2.03,62.1,59.0,0,0,0,1,0,1,0,0,0,0,0,0,0,1,0,0,0,0,0,0,12979
2.11,65.0,56.0,1,0,0,0,0,0,0,0,1,0,0,0,0,0,0,1,0,0,0,0,12633
2.01,61.2,58.0,0,0,1,0,0,0,0,0,0,0,1,0,0,0,0,1,0,0,0,0,14813
2.02,61.5,59.0,0,0,1,0,0,1,0,0,0,0,0,0,0,0,0,0,1,0,0,0,13564
2.05,61.2,57.0,0,0,0,1,0,0,1,0,0,0,0,0,0,1,0,0,0,0,0,0,15837
2.39,61.2,60.0,0,0,0,1,0,0,1,0,0,0,0,0,1,0,0,0,0,0,0,0,17642
2.1,62.9,58.0,0,0,0,1,0,1,0,0,0,0,0,0,0,1,0,0,0,0,0,0,13930
2.32,62.5,59.0,0,0,0,1,0,0,0,0,0,1,0,0,0,0,0,1,0,0,0,0,16237
2.01,58.6,95.0,1,0,0,0,0,0,0,0,0,1,0,0,0,1,0,0,0,0,0,0,13387
2.26,63.2,58.0,0,0,1,0,0,0,0,1,0,0,0,0,0,0,0,1,0,0,0,0,13095
2.0,64.2,60.0,0,1,0,0,0,0,0,0,1,0,0,0,0,0,0,1,0,0,0,0,9999
2.06,59.8,61.0,0,0,1,0,0,0,0,0,1,0,0,0,0,0,0,1,0,0,0,0,15805
2.02,61.3,59.0,0,0,0,1,0,0,0,0,0,1,0,0,0,0,0,1,0,0,0,0,18274
2.48,63.3,56.0,0,0,1,0,0,0,0,1,0,0,0,0,0,1,0,0,0,0,0,0,17893
2.09,60.5,61.0,0,0,0,1,0,0,0,1,0,0,0,0,0,1,0,0,0,0,0,0,12063
2.01,61.1,60.0,0,0,0,1,0,0,1,0,0,0,0,0,0,0,0,0,1,0,0,0,17592
2.18,62.3,59.0,0,0,0,1,0,0,0,1,0,0,0,0,0,0,0,1,0,0,0,0,11579
2.04,62.5,58.0,0,0,1,0,0,0,1,0,0,0,0,0,0,0,0,0,1,0,0,0,16874
2.64,62.3,55.0,0,0,0,0,1,0,0,1,0,0,0,0,0,0,0,1,0,0,0,0,17407
2.16,61.5,58.0,0,0,0,1,0,1,0,0,0,0,0,0,0,0,0,0,0,0,1,0,17891
2.06,61.9,55.0,0,0,0,0,1,1,0,0,0,0,0,0,0,0,0,1,0,0,0,0,11337
2.01,61.2,62.0,0,0,0,1,0,0,0,1,0,0,0,0,0,1,0,0,0,0,0,0,12829
2.08,61.2,58.0,0,0,0,1,0,0,1,0,0,0,0,0,0,0,0,1,0,0,0,0,15321
2.01,63.3,56.0,0,0,1,0,0,1,0,0,0,0,0,0,0,0,0,1,0,0,0,0,10490
2.39,60.6,58.0,0,0,0,1,0,0,0,1,0,0,0,0,0,1,0,0,0,0,0,0,16687
2.02,61.8,56.0,0,0,0,0,1,0,1,0,0,0,0,0,0,1,0,0,0,0,0,0,16560
2.02,62.8,60.0,0,0,0,1,0,0,0,0,1,0,0,0,0,1,0,0,0,0,0,0,17692
3.0,59.7,60.0,0,0,0,1,0,0,0,0,1,0,0,0,0,0,0,0,0,0,0,1,13203
2.21,62.9,59.0,0,0,1,0,0,0,1,0,0,0,0,0,0,1,0,0,0,0,0,0,17784
2.0,66.0,60.0,1,0,0,0,0,0,1,0,0,0,0,0,0,0,0,0,0,0,0,1,5667
2.0,61.8,58.0,0,0,0,1,0,0,0,0,1,0,0,0,0,0,0,1,0,0,0,0,16262
2.08,62.2,58.0,0,0,0,1,0,0,1,0,0,0,0,0,0,0,0,0,0,0,1,0,15654
2.19,62.4,56.0,0,0,0,0,1,0,1,0,0,0,0,0,0,0,0,1,0,0,0,0,16147
2.01,59.8,63.0,0,0,1,0,0,0,1,0,0,0,0,0,1,0,0,0,0,0,0,0,17068
2.3,62.3,57.0,0,0,0,0,1,1,0,0,0,0,0,0,0,1,0,0,0,0,0,0,12316
2.01,62.7,58.0,0,0,1,0,0,0,1,0,0,0,0,0,0,0,0,0,1,0,0,0,16626
2.02,59.9,58.0,0,0,0,1,0,0,0,0,0,0,1,0,0,0,0,1,0,0,0,0,13677
2.02,59.8,59.0,0,0,1,0,0,0,0,0,0,0,1,0,0,1,0,0,0,0,0,0,18731
2.02,62.1,58.0,0,0,0,1,0,0,1,0,0,0,0,0,0,1,0,0,0,0,0,0,11119
2.01,62.8,59.0,0,0,1,0,0,0,0,1,0,0,0,0,0,1,0,0,0,0,0,0,17759
2.18,61.2,60.0,0,0,0,1,0,0,0,0,0,1,0,0,0,1,0,0,0,0,0,0,18717
2.51,62.3,57.0,0,0,0,1,0,0,1,0,0,0,0,0,0,0,0,1,0,0,0,0,18255
2.1,62.0,62.0,0,0,1,0,0,1,0,0,0,0,0,0,0,0,0,1,0,0,0,0,12196
2.3,60.6,60.0,0,0,1,0,0,0,1,0,0,0,0,0,0,0,0,1,0,0,0,0,14603
2.0,63.6,61.0,0,1,0,0,0,0,0,0,1,0,0,0,0,1,0,0,0,0,0,0,17405
2.33,59.9,59.0,0,0,0,1,0,1,0,0,0,0,0,0,0,1,0,0,0,0,0,0,14711
2.07,59.5,59.0,0,0,1,0,0,0,0,1,0,0,0,0,0,1,0,0,0,0,0,0,18489
2.16,59.7,60.0,0,0,0,1,0,0,0,1,0,0,0,0,0,0,0,1,0,0,0,0,16400
2.67,63.8,58.0,0,1,0,0,0,0,0,0,0,1,0,0,0,0,0,1,0,0,0,0,18686
2.01,62.3,58.0,0,0,0,0,1,0,0,0,0,1,0,0,0,0,0,1,0,0,0,0,15955
3.0,57.0,64.0,0,1,0,0,0,0,1,0,0,0,0,0,0,0,0,0,0,0,0,1,10863
2.02,62.0,57.0,0,0,0,0,1,0,0,0,1,0,0,0,0,0,0,0,1,0,0,0,18700
2.08,58.9,61.0,0,0,1,0,0,0,1,0,0,0,0,0,0,0,0,0,1,0,0,0,18281
2.21,61.0,58.0,0,0,1,0,0,0,0,0,0,1,0,0,0,0,0,1,0,0,0,0,18483
2.18,61.2,56.0,0,0,0,0,1,0,1,0,0,0,0,0,0,1,0,0,0,0,0,0,15646
2.03,61.2,55.0,0,0,1,0,0,0,1,0,0,0,0,0,0,0,0,1,0,0,0,0,12714
2.01,59.9,62.0,0,0,0,1,0,0,0,0,1,0,0,0,0,0,0,1,0,0,0,0,17014
2.28,63.3,54.0,0,0,1,0,0,0,0,1,0,0,0,0,0,0,0,1,0,0,0,0,12907
2.05,61.6,56.0,0,0,0,0,1,0,0,0,1,0,0,0,0,0,0,1,0,0,0,0,18181
2.12,60.6,59.0,0,0,0,1,0,0,1,0,0,0,0,0,0,0,0,1,0,0,0,0,15235
2.02,58.2,60.0,0,0,0,1,0,0,0,0,0,0,1,0,0,0,0,1,0,0,0,0,17938
2.11,59.1,59.0,0,0,0,1,0,0,0,0,1,0,0,0,0,0,0,1,0,0,0,0,15757
2.02,63.2,53.0,0,0,1,0,0,0,1,0,0,0,0,0,0,0,0,0,1,0,0,0,16179
2.22,62.6,57.0,0,0,0,0,1,0,0,0,1,0,0,0,0,0,0,1,0,0,0,0,14637
2.2,63.3,57.0,0,0,1,0,0,0,0,1,0,0,0,0,0,0,0,1,0,0,0,0,11088
2.0,60.9,58.0,0,0,1,0,0,0,0,1,0,0,0,0,0,1,0,0,0,0,0,0,16280
2.19,61.7,58.0,0,0,0,1,0,0,0,1,0,0,0,0,0,0,0,1,0,0,0,0,17554
4.13,64.8,61.0,1,0,0,0,0,0,0,1,0,0,0,0,0,0,0,0,0,0,0,1,17329
2.02,63.0,58.0,0,0,0,1,0,1,0,0,0,0,0,0,0,0,0,1,0,0,0,0,8640
2.01,61.9,57.0,0,0,0,0,1,0,0,1,0,0,0,0,0,0,0,1,0,0,0,0,14040
2.01,60.1,59.0,0,0,0,1,0,0,1,0,0,0,0,0,0,1,0,0,0,0,0,0,14558
2.0,63.0,64.0,0,1,0,0,0,0,0,0,0,1,0,0,0,1,0,0,0,0,0,0,17869
2.14,61.3,61.0,0,0,1,0,0,0,1,0,0,0,0,0,0,1,0,0,0,0,0,0,15769
2.16,61.4,57.0,0,0,0,0,1,0,0,0,0,0,1,0,0,0,0,1,0,0,0,0,17263
2.32,62.0,57.0,0,0,0,0,1,0,1,0,0,0,0,0,0,0,0,1,0,0,0,0,17676
2.0,61.5,59.0,0,0,0,1,0,1,0,0,0,0,0,0,0,0,0,0,1,0,0,0,13675
2.5,62.7,59.0,0,0,0,1,0,0,0,1,0,0,0,0,0,0,0,1,0,0,0,0,12071
2.0,60.5,59.0,0,0,1,0,0,0,0,0,0,0,1,0,0,1,0,0,0,0,0,0,18709
2.01,62.3,61.0,0,0,0,1,0,0,0,0,1,0,0,0,0,1,0,0,0,0,0,0,16242
2.57,58.9,58.0,0,0,0,1,0,0,0,0,0,0,0,1,0,0,0,1,0,0,0,0,17924
2.09,62.7,61.0,0,0,1,0,0,0,0,0,0,1,0,0,0,0,0,1,0,0,0,0,16824
2.01,62.3,57.0,0,0,0,0,1,0,1,0,0,0,0,0,0,1,0,0,0,0,0,0,15680
2.11,62.3,56.0,0,0,0,1,0,0,1,0,0,0,0,0,0,0,0,1,0,0,0,0,13701
2.27,62.5,59.0,0,0,0,1,0,0,1,0,0,0,0,0,0,0,0,1,0,0,0,0,14937
2.14,69.4,57.0,1,0,0,0,0,1,0,0,0,0,0,0,0,0,0,0,0,0,0,1,5405
2.0,60.8,60.0,0,0,0,1,0,0,0,0,0,0,0,1,0,0,0,1,0,0,0,0,16484
2.02,62.0,59.0,0,0,0,1,0,1,0,0,0,0,0,0,0,0,0,0,1,0,0,0,13812
2.03,61.1,57.0,0,0,0,0,1,0,0,0,1,0,0,0,0,0,0,1,0,0,0,0,17182
2.44,62.9,53.0,0,0,1,0,0,1,0,0,0,0,0,0,0,1,0,0,0,0,0,0,17472
2.0,64.5,56.0,1,0,0,0,0,0,0,1,0,0,0,0,0,0,0,1,0,0,0,0,11655
2.29,61.4,60.0,0,0,0,1,0,1,0,0,0,0,0,0,0,0,0,0,0,1,0,0,18426
2.0,60.9,54.0,0,0,1,0,0,1,0,0,0,0,0,0,0,0,0,1,0,0,0,0,10907
2.14,61.2,57.0,0,0,0,1,0,0,0,1,0,0,0,0,0,0,0,1,0,0,0,0,13421
2.1,59.4,60.0,0,0,1,0,0,0,1,0,0,0,0,0,0,0,0,0,1,0,0,0,17837
2.74,61.5,62.0,0,0,1,0,0,1,0,0,0,0,0,0,0,0,0,1,0,0,0,0,17164
2.14,61.9,56.0,0,0,0,0,1,0,1,0,0,0,0,0,0,0,0,1,0,0,0,0,14321
2.01,60.8,58.0,0,0,1,0,0,1,0,0,0,0,0,0,0,0,0,0,1,0,0,0,12968
2.53,61.1,57.0,0,0,0,1,0,0,0,1,0,0,0,0,0,0,0,1,0,0,0,0,15148
2.37,62.1,55.0,0,0,0,0,1,0,0,1,0,0,0,0,0,0,0,1,0,0,0,0,16937
2.08,62.3,58.0,0,0,0,1,0,0,1,0,0,0,0,0,0,0,0,1,0,0,0,0,14947
2.45,62.0,55.0,0,0,0,0,1,0,0,0,0,1,0,0,0,0,0,1,0,0,0,0,16589
2.04,62.4,56.0,0,0,0,0,1,0,0,0,0,1,0,0,0,0,0,1,0,0,0,0,17049
2.02,62.3,56.0,0,0,1,0,0,0,0,0,0,0,0,1,0,0,0,1,0,0,0,0,17263
2.14,62.1,58.0,0,0,0,0,1,0,1,0,0,0,0,0,0,1,0,0,0,0,0,0,17213
2.1,59.2,60.0,0,0,0,1,0,0,1,0,0,0,0,0,0,0,0,0,1,0,0,0,13753
2.01,61.5,55.0,0,0,0,0,1,0,0,1,0,0,0,0,0,1,0,0,0,0,0,0,14837
2.08,62.4,60.0,0,0,1,0,0,0,0,0,0,0,1,0,0,0,0,1,0,0,0,0,18128
2.01,64.0,58.0,0,1,0,0,0,0,0,0,0,1,0,0,0,0,0,1,0,0,0,0,17313
2.01,62.0,61.0,0,0,0,1,0,0,0,0,0,0,1,0,0,0,0,1,0,0,0,0,17179
2.08,60.6,61.0,0,0,1,0,0,1,0,0,0,0,0,0,0,0,0,0,1,0,0,0,13732
2.38,60.6,59.0,0,0,0,1,0,1,0,0,0,0,0,0,0,0,0,1,0,0,0,0,10716
2.05,62.0,56.0,0,0,0,0,1,0,0,0,0,1,0,0,0,0,0,1,0,0,0,0,17957
2.2,62.6,55.0,0,0,0,0,1,0,0,1,0,0,0,0,0,0,0,1,0,0,0,0,14408
2.51,62.9,56.0,0,0,0,0,1,0,0,1,0,0,0,0,0,1,0,0,0,0,0,0,15324
2.0,62.0,57.0,0,0,0,0,1,0,1,0,0,0,0,0,1,0,0,0,0,0,0,0,17607
2.0,62.1,60.0,0,0,0,1,0,0,0,1,0,0,0,0,0,0,0,1,0,0,0,0,11202
2.37,61.6,56.0,0,0,0,1,0,0,1,0,0,0,0,0,0,0,0,0,1,0,0,0,14837
2.04,64.0,57.0,0,1,0,0,0,0,0,0,0,1,0,0,0,0,0,1,0,0,0,0,14936
2.0,63.3,59.0,0,0,1,0,0,0,0,1,0,0,0,0,0,1,0,0,0,0,0,0,16872
2.03,60.9,59.0,0,0,0,1,0,0,0,0,0,1,0,0,0,0,0,1,0,0,0,0,12021
2.0,65.0,61.0,0,0,0,0,1,0,0,1,0,0,0,0,0,1,0,0,0,0,0,0,18604
2.02,63.0,56.0,0,0,1,0,0,1,0,0,0,0,0,0,0,1,0,0,0,0,0,0,12267
2.18,59.4,61.0,0,0,0,1,0,0,0,1,0,0,0,0,0,0,0,1,0,0,0,0,12631
2.06,59.2,57.0,0,0,0,0,1,0,1,0,0,0,0,0,0,0,0,0,1,0,0,0,15691
2.22,62.5,54.0,0,0,0,0,1,0,0,0,1,0,0,0,0,0,0,1,0,0,0,0,17123
2.01,62.8,58.0,0,0,0,0,1,1,0,0,0,0,0,0,0,1,0,0,0,0,0,0,9725
2.0,62.5,58.0,0,0,1,0,0,0,0,0,1,0,0,0,0,1,0,0,0,0,0,0,18186
2.0,62.6,59.0,0,0,0,1,0,0,0,0,0,1,0,0,0,1,0,0,0,0,0,0,18493
2.01,62.4,62.0,0,1,0,0,0,0,1,0,0,0,0,0,0,0,0,0,1,0,0,0,16304
2.06,62.3,57.0,0,0,1,0,0,0,1,0,0,0,0,0,0,0,0,1,0,0,0,0,14298
2.03,59.9,59.0,0,0,1,0,0,0,1,0,0,0,0,0,0,0,0,0,1,0,0,0,16422
2.01,62.1,56.0,0,0,0,0,1,1,0,0,0,0,0,0,0,0,0,1,0,0,0,0,12814
2.1,62.5,57.0,0,0,0,0,1,0,0,1,0,0,0,0,0,0,0,0,1,0,0,0,13403
2.1,62.9,57.0,0,0,0,0,1,0,0,1,0,0,0,0,0,1,0,0,0,0,0,0,18648
2.0,61.0,57.0,0,0,0,0,1,1,0,0,0,0,0,0,0,0,0,0,1,0,0,0,14323
2.0,62.9,60.0,0,0,0,1,0,1,0,0,0,0,0,0,0,0,0,0,1,0,0,0,11966
2.01,63.6,59.0,0,1,0,0,0,0,0,0,1,0,0,0,0,0,0,1,0,0,0,0,15832
2.61,64.6,55.0,0,0,0,0,1,1,0,0,0,0,0,0,0,0,0,1,0,0,0,0,17209
2.15,60.9,56.0,0,0,0,0,1,0,1,0,0,0,0,0,0,1,0,0,0,0,0,0,13006
2.23,62.1,59.0,0,0,0,1,0,1,0,0,0,0,0,0,0,1,0,0,0,0,0,0,13069
2.01,62.1,55.0,0,0,0,0,1,0,1,0,0,0,0,0,0,0,0,1,0,0,0,0,12349
2.01,64.1,60.0,0,1,0,0,0,0,1,0,0,0,0,0,0,1,0,0,0,0,0,0,10184
2.03,60.0,57.0,0,0,0,0,1,0,1,0,0,0,0,0,0,0,0,1,0,0,0,0,13182
2.48,63.3,56.0,0,0,1,0,0,0,0,1,0,0,0,0,0,0,0,1,0,0,0,0,15746
2.04,62.5,58.0,0,0,0,1,0,0,1,0,0,0,0,0,0,0,0,0,1,0,0,0,17028
2.07,62.5,55.0,0,0,0,0,1,0,0,0,1,0,0,0,0,0,0,1,0,0,0,0,18804
2.14,62.3,58.0,0,0,0,1,0,0,0,1,0,0,0,0,0,1,0,0,0,0,0,0,14490
2.24,62.3,57.0,0,0,1,0,0,0,0,1,0,0,0,0,0,0,0,1,0,0,0,0,16077
2.46,63.0,56.0,0,0,0,0,1,0,0,0,1,0,0,0,0,0,0,1,0,0,0,0,15745
2.25,62.4,57.0,0,0,0,0,1,0,1,0,0,0,0,0,0,0,0,1,0,0,0,0,17143
2.04,62.7,56.0,0,0,1,0,0,0,0,1,0,0,0,0,0,0,0,1,0,0,0,0,15618
2.14,59.3,59.0,0,0,0,1,0,0,1,0,0,0,0,0,0,0,0,0,1,0,0,0,15418
2.6,64.6,57.0,1,0,0,0,0,0,0,0,1,0,0,0,0,0,0,1,0,0,0,0,17027
2.06,62.6,58.0,0,0,1,0,0,1,0,0,0,0,0,0,0,0,0,0,1,0,0,0,14119
2.01,62.9,56.0,0,0,0,0,1,0,0,0,0,1,0,0,0,0,0,1,0,0,0,0,13201
2.01,62.2,58.0,0,1,0,0,0,0,0,1,0,0,0,0,0,1,0,0,0,0,0,0,16737
2.09,61.2,59.0,0,0,0,0,1,1,0,0,0,0,0,0,1,0,0,0,0,0,0,0,15172
2.0,62.3,56.0,0,0,0,0,1,0,1,0,0,0,0,0,1,0,0,0,0,0,0,0,12907
2.02,67.5,59.0,1,0,0,0,0,1,0,0,0,0,0,0,0,0,0,1,0,0,0,0,9095
2.01,58.3,63.0,0,0,1,0,0,0,0,0,0,0,0,1,0,0,0,1,0,0,0,0,12639
2.16,63.6,56.0,0,1,0,0,0,0,1,0,0,0,0,0,0,0,0,0,1,0,0,0,14266
2.47,59.4,59.0,0,0,0,1,0,1,0,0,0,0,0,0,0,0,0,1,0,0,0,0,16532
2.01,59.2,57.0,0,0,0,0,1,0,0,0,1,0,0,0,0,1,0,0,0,0,0,0,17492
2.1,61.7,53.0,0,0,0,0,1,0,0,1,0,0,0,0,0,1,0,0,0,0,0,0,15035
2.05,62.2,56.0,0,0,0,1,0,0,0,0,1,0,0,0,0,1,0,0,0,0,0,0,13767
2.09,61.3,59.0,0,0,1,0,0,0,0,0,0,1,0,0,0,0,0,1,0,0,0,0,18509
2.04,61.9,58.0,0,0,0,0,1,0,0,0,1,0,0,0,0,1,0,0,0,0,0,0,18153
2.01,61.3,58.0,0,0,0,1,0,0,0,0,0,1,0,0,0,0,0,1,0,0,0,0,14067
2.06,64.1,56.0,0,1,0,0,0,1,0,0,0,0,0,0,0,1,0,0,0,0,0,0,11746
2.02,63.4,60.0,0,0,1,0,0,0,0,1,0,0,0,0,0,1,0,0,0,0,0,0,17672
2.07,61.2,58.0,0,0,0,1,0,0,0,0,0,0,1,0,0,1,0,0,0,0,0,0,16957
2.09,60.2,61.0,0,0,1,0,0,0,0,0,0,1,0,0,0,0,0,1,0,0,0,0,15773
2.01,61.8,59.0,0,0,1,0,0,0,0,0,0,0,0,1,0,0,0,1,0,0,0,0,17079
2.09,63.4,55.0,0,1,0,0,0,0,0,0,0,1,0,0,0,0,0,1,0,0,0,0,18472
2.29,62.4,60.0,0,0,0,1,0,0,0,0,1,0,0,0,0,0,0,1,0,0,0,0,15366
2.04,61.4,58.0,0,0,1,0,0,0,0,0,1,0,0,0,0,0,0,1,0,0,0,0,15092
2.0,59.1,61.0,0,1,0,0,0,0,0,0,1,0,0,0,0,1,0,0,0,0,0,0,17930
2.57,61.3,60.0,0,0,0,1,0,0,0,0,0,0,1,0,0,0,0,1,0,0,0,0,17116
2.0,66.8,57.0,1,0,0,0,0,0,0,1,0,0,0,0,0,0,0,0,0,0,0,1,8064
2.1,65.0,56.0,1,0,0,0,0,0,0,0,1,0,0,0,0,0,0,1,0,0,0,0,11923
2.23,61.4,58.0,0,0,0,1,0,0,0,0,1,0,0,0,0,0,0,1,0,0,0,0,16805
3.01,63.9,60.0,0,1,0,0,0,0,1,0,0,0,0,0,0,0,0,1,0,0,0,0,18242
2.3,61.4,57.0,0,0,0,0,1,0,0,0,1,0,0,0,0,0,0,1,0,0,0,0,14744
2.27,62.4,58.0,0,0,0,1,0,1,0,0,0,0,0,0,1,0,0,0,0,0,0,0,16994
2.1,62.9,57.0,0,0,1,0,0,0,0,1,0,0,0,0,0,1,0,0,0,0,0,0,18480
2.1,63.0,57.0,0,0,1,0,0,0,0,1,0,0,0,0,0,0,0,1,0,0,0,0,16479
2.01,61.9,57.0,0,0,0,0,1,0,0,1,0,0,0,0,0,0,0,1,0,0,0,0,14167
2.26,61.1,57.0,0,0,0,0,1,1,0,0,0,0,0,0,0,0,0,0,1,0,0,0,17010
2.01,60.6,59.0,0,0,0,1,0,0,0,0,1,0,0,0,0,0,0,0,1,0,0,0,17057
2.0,62.8,56.0,0,0,0,0,1,0,1,0,0,0,0,0,0,1,0,0,0,0,0,0,15043
2.0,62.9,59.0,0,0,0,0,1,0,1,0,0,0,0,0,0,1,0,0,0,0,0,0,15218
2.02,62.7,54.2,0,0,0,0,1,1,0,0,0,0,0,0,0,1,0,0,0,0,0,0,12884
2.01,64.8,62.0,0,0,0,0,1,0,1,0,0,0,0,0,0,1,0,0,0,0,0,0,16287
2.06,62.2,60.0,0,0,0,1,0,0,1,0,0,0,0,0,0,0,0,1,0,0,0,0,11190
2.01,63.5,58.0,0,0,1,0,0,0,1,0,0,0,0,0,0,0,1,0,0,0,0,0,15952
2.01,62.9,55.0,0,0,0,0,1,0,1,0,0,0,0,0,0,1,0,0,0,0,0,0,12606
2.01,61.9,57.0,0,0,0,0,1,0,0,1,0,0,0,0,1,0,0,0,0,0,0,0,17983
2.01,60.0,58.0,0,0,1,0,0,0,0,1,0,0,0,0,0,1,0,0,0,0,0,0,17095
2.01,59.9,60.0,0,0,0,0,1,0,1,0,0,0,0,0,0,1,0,0,0,0,0,0,17126
2.01,61.9,55.0,0,0,0,0,1,0,0,0,0,1,0,0,0,0,0,1,0,0,0,0,18395
2.42,62.4,58.0,0,0,0,1,0,1,0,0,0,0,0,0,0,0,0,1,0,0,0,0,16198
2.03,61.6,58.0,0,0,0,1,0,1,0,0,0,0,0,0,0,0,0,1,0,0,0,0,12380
2.28,62.9,58.0,0,0,0,1,0,1,0,0,0,0,0,0,0,0,0,0,1,0,0,0,16564
2.02,61.0,58.0,0,0,0,1,0,0,0,0,1,0,0,0,0,0,0,1,0,0,0,0,15498
2.01,59.3,61.0,0,0,1,0,0,0,0,0,0,0,1,0,0,0,0,1,0,0,0,0,17759
2.23,61.0,58.0,0,0,0,1,0,1,0,0,0,0,0,0,0,0,0,0,1,0,0,0,14867
2.01,62.9,58.0,0,1,0,0,0,0,0,0,0,1,0,0,0,0,0,1,0,0,0,0,16013
2.06,64.3,58.0,0,1,0,0,0,0,0,1,0,0,0,0,0,0,0,0,0,0,0,1,6091
2.04,60.3,60.0,0,0,0,1,0,0,1,0,0,0,0,0,0,0,0,1,0,0,0,0,14660
2.01,62.5,58.0,0,0,1,0,0,0,1,0,0,0,0,0,0,0,0,0,1,0,0,0,15819
2.14,64.8,60.0,1,0,0,0,0,0,0,0,0,1,0,0,0,0,0,1,0,0,0,0,13825
2.04,63.2,58.0,0,0,1,0,0,0,0,1,0,0,0,0,0,0,0,1,0,0,0,0,13790
2.0,63.8,59.0,0,1,0,0,0,0,0,1,0,0,0,0,0,0,0,0,1,0,0,0,18023
2.01,60.3,58.0,0,0,1,0,0,1,0,0,0,0,0,0,0,1,0,0,0,0,0,0,12392
2.08,62.0,56.0,0,0,0,0,1,0,1,0,0,0,0,0,0,0,0,0,1,0,0,0,17916
2.24,61.4,56.0,0,0,0,0,1,0,0,1,0,0,0,0,0,0,0,1,0,0,0,0,16300
2.02,57.9,62.0,0,1,0,0,0,0,1,0,0,0,0,0,0,0,0,0,1,0,0,0,16789
2.1,63.4,58.0,0,0,1,0,0,0,0,0,1,0,0,0,0,0,0,1,0,0,0,0,13007
2.5,63.8,53.0,0,0,0,0,1,1,0,0,0,0,0,0,0,0,0,1,0,0,0,0,15246
2.25,67.7,58.0,1,0,0,0,0,0,0,1,0,0,0,0,0,0,0,0,0,0,0,1,6653
2.2,61.8,54.0,0,0,0,1,0,0,1,0,0,0,0,0,0,0,0,1,0,0,0,0,13719
4.01,62.5,62.0,0,0,0,1,0,1,0,0,0,0,0,0,0,0,0,0,0,0,0,1,15223
2.01,63.4,58.0,0,0,1,0,0,0,0,1,0,0,0,0,0,0,0,1,0,0,0,0,12617
2.06,64.6,58.0,1,0,0,0,0,1,0,0,0,0,0,0,1,0,0,0,0,0,0,0,14750
2.02,63.3,57.0,0,0,1,0,0,0,0,0,1,0,0,0,0,0,0,1,0,0,0,0,9853
2.04,63.0,58.0,0,0,0,1,0,0,0,1,0,0,0,0,0,1,0,0,0,0,0,0,18115
2.18,58.9,60.0,0,0,1,0,0,0,1,0,0,0,0,0,0,0,0,1,0,0,0,0,15684
2.14,60.4,59.0,0,0,0,1,0,0,0,0,1,0,0,0,0,0,0,1,0,0,0,0,17513
2.01,62.1,57.0,0,0,0,0,1,0,0,0,1,0,0,0,0,1,0,0,0,0,0,0,18736
2.36,62.8,55.0,0,0,0,0,1,0,1,0,0,0,0,0,0,0,0,1,0,0,0,0,16707
2.01,60.9,56.0,0,0,0,0,1,1,0,0,0,0,0,0,1,0,0,0,0,0,0,0,16319
2.25,60.4,59.0,0,0,0,1,0,0,0,0,0,0,0,1,0,0,0,1,0,0,0,0,18007
2.25,61.9,59.0,0,0,0,1,0,0,1,0,0,0,0,0,0,0,0,1,0,0,0,0,11114
2.07,59.8,58.0,0,0,1,0,0,0,0,1,0,0,0,0,0,1,0,0,0,0,0,0,17019
2.14,61.5,57.0,0,0,0,0,1,0,0,1,0,0,0,0,0,1,0,0,0,0,0,0,18528
2.05,62.7,56.0,0,0,0,0,1,1,0,0,0,0,0,0,0,0,1,0,0,0,0,0,17214
2.14,62.9,56.0,0,0,0,0,1,0,0,0,1,0,0,0,0,0,0,1,0,0,0,0,14359
2.01,61.7,60.0,0,0,0,1,0,1,0,0,0,0,0,0,0,1,0,0,0,0,0,0,9793
2.02,61.8,57.0,0,0,0,0,1,1,0,0,0,0,0,0,1,0,0,0,0,0,0,0,16397
2.0,60.7,60.0,0,0,0,1,0,0,0,0,1,0,0,0,0,0,0,1,0,0,0,0,10833
2.01,62.0,59.0,0,0,0,1,0,1,0,0,0,0,0,0,0,0,0,1,0,0,0,0,12403
2.01,63.4,58.0,0,0,1,0,0,0,0,0,0,1,0,0,0,1,0,0,0,0,0,0,13275
2.35,60.7,60.0,0,0,0,1,0,1,0,0,0,0,0,0,1,0,0,0,0,0,0,0,14399
2.01,60.4,61.0,0,0,0,1,0,0,0,0,0,0,1,0,0,1,0,0,0,0,0,0,12898
2.01,62.4,61.0,0,0,0,1,0,0,1,0,0,0,0,0,0,1,0,0,0,0,0,0,15528
2.0,60.8,62.0,0,0,1,0,0,1,0,0,0,0,0,0,0,0,0,0,1,0,0,0,13043
2.33,61.8,59.0,0,0,1,0,0,1,0,0,0,0,0,0,0,0,0,0,1,0,0,0,14801
2.14,60.3,60.0,0,0,1,0,0,0,0,0,0,0,0,1,0,0,0,1,0,0,0,0,18526
2.0,61.0,51.6,0,0,1,0,0,1,0,0,0,0,0,0,1,0,0,0,0,0,0,0,13203
2.33,63.2,56.0,0,0,1,0,0,0,0,1,0,0,0,0,0,0,0,1,0,0,0,0,13500
2.02,56.2,61.0,1,0,0,0,0,0,0,1,0,0,0,0,0,1,0,0,0,0,0,0,15695
2.03,62.2,59.0,0,0,1,0,0,0,1,0,0,0,0,0,0,1,0,0,0,0,0,0,16693
2.19,61.8,57.0,0,0,0,0,1,0,0,0,0,0,0,1,0,0,0,1,0,0,0,0,18693
5.01,65.5,59.0,1,0,0,0,0,1,0,0,0,0,0,0,0,0,0,0,0,0,0,1,18018
3.0,60.7,59.0,0,0,0,1,0,0,1,0,0,0,0,0,0,0,0,1,0,0,0,0,16970
3.01,59.8,58.0,0,0,0,1,0,0,0,0,1,0,0,0,0,0,0,1,0,0,0,0,14220
2.0,69.8,54.0,1,0,0,0,0,0,0,1,0,0,0,0,0,0,0,0,0,0,0,1,5914
2.01,61.4,58.0,0,0,0,1,0,0,0,0,1,0,0,0,0,0,0,0,1,0,0,0,17987
2.27,67.6,55.0,1,0,0,0,0,1,0,0,0,0,0,0,0,0,0,0,0,0,0,1,5733
2.14,58.2,61.0,0,0,0,1,0,0,0,0,0,1,0,0,0,0,0,1,0,0,0,0,17742
2.0,64.1,58.0,0,1,0,0,0,1,0,0,0,0,0,0,0,1,0,0,0,0,0,0,9193
2.0,63.3,56.0,0,0,1,0,0,0,0,0,0,1,0,0,0,1,0,0,0,0,0,0,15851
2.01,61.6,56.0,0,0,1,0,0,0,0,0,0,1,0,0,0,0,0,1,0,0,0,0,15188
4.01,61.0,61.0,0,0,0,1,0,0,1,0,0,0,0,0,0,0,0,0,0,0,0,1,15223
2.01,61.5,55.0,0,0,0,0,1,0,0,0,1,0,0,0,0,0,0,1,0,0,0,0,11602
2.02,59.4,59.0,0,0,0,1,0,0,1,0,0,0,0,0,0,0,0,1,0,0,0,0,14211
2.52,65.1,56.0,1,0,0,0,0,1,0,0,0,0,0,0,0,0,0,1,0,0,0,0,15776
2.01,62.5,56.0,0,0,0,0,1,0,1,0,0,0,0,0,1,0,0,0,0,0,0,0,17068
2.02,60.1,59.0,0,0,0,1,0,0,0,0,1,0,0,0,0,0,0,1,0,0,0,0,16944
2.02,62.6,57.0,0,0,0,0,1,0,0,1,0,0,0,0,0,0,0,0,1,0,0,0,14182
2.01,59.2,62.0,0,0,1,0,0,0,1,0,0,0,0,0,0,0,0,0,1,0,0,0,16626
2.0,57.9,60.0,0,0,1,0,0,0,0,0,0,1,0,0,0,1,0,0,0,0,0,0,18759
2.03,58.1,59.0,0,0,0,1,0,0,0,1,0,0,0,0,0,0,0,1,0,0,0,0,10879
2.07,60.6,56.0,0,0,0,0,1,0,0,1,0,0,0,0,0,1,0,0,0,0,0,0,14935
2.26,62.2,56.0,0,0,0,0,1,0,0,1,0,0,0,0,0,0,0,1,0,0,0,0,17312
2.01,62.5,57.0,0,0,0,0,1,0,1,0,0,0,0,0,0,1,0,0,0,0,0,0,15140
2.02,62.1,56.0,0,0,0,0,1,0,0,1,0,0,0,0,0,0,0,1,0,0,0,0,12485
2.01,63.6,57.0,0,1,0,0,0,0,1,0,0,0,0,0,0,0,0,0,1,0,0,0,16149
2.0,62.4,58.0,0,1,0,0,0,1,0,0,0,0,0,0,1,0,0,0,0,0,0,0,14973
2.01,60.3,60.0,0,0,0,1,0,0,0,0,0,1,0,0,0,0,0,1,0,0,0,0,16881
2.06,61.7,59.0,0,0,0,1,0,0,0,0,0,1,0,0,0,0,0,1,0,0,0,0,16857
2.32,62.6,57.0,0,0,0,0,1,0,0,1,0,0,0,0,0,1,0,0,0,0,0,0,18080
2.51,59.5,65.0,0,1,0,0,0,0,0,0,1,0,0,0,0,0,0,1,0,0,0,0,14251
2.09,60.6,57.0,0,0,0,0,1,0,0,1,0,0,0,0,0,1,0,0,0,0,0,0,14383
2.5,64.0,55.0,0,0,0,0,1,1,0,0,0,0,0,0,0,0,0,1,0,0,0,0,14502
2.09,61.2,57.0,0,0,0,1,0,0,0,0,0,1,0,0,0,0,0,1,0,0,0,0,12377
2.01,58.2,63.0,0,0,1,0,0,0,0,1,0,0,0,0,0,1,0,0,0,0,0,0,18027
2.01,60.6,62.0,0,0,1,0,0,0,0,1,0,0,0,0,0,1,0,0,0,0,0,0,16582
2.1,59.5,69.0,1,0,0,0,0,0,0,0,0,1,0,0,0,0,0,1,0,0,0,0,16506
2.47,62.5,56.0,0,0,0,1,0,0,1,0,0,0,0,0,0,0,0,1,0,0,0,0,14970
2.02,62.2,59.0,0,0,0,1,0,0,0,1,0,0,0,0,0,1,0,0,0,0,0,0,14574
2.01,62.2,57.0,0,1,0,0,0,0,0,0,0,1,0,0,0,0,0,1,0,0,0,0,16410
2.08,59.0,59.0,0,0,1,0,0,0,0,1,0,0,0,0,0,0,0,1,0,0,0,0,15696
2.0,62.2,57.0,0,0,0,0,1,0,0,0,1,0,0,0,0,0,0,1,0,0,0,0,11988
2.17,62.3,60.0,0,0,0,1,0,1,0,0,0,0,0,0,0,0,0,1,0,0,0,0,13395
2.02,59.2,60.0,0,0,1,0,0,1,0,0,0,0,0,0,0,0,0,1,0,0,0,0,11757
2.01,60.3,58.0,0,0,0,1,0,0,1,0,0,0,0,0,0,0,0,0,1,0,0,0,17826
2.01,61.4,63.0,0,0,1,0,0,0,1,0,0,0,0,0,0,0,0,1,0,0,0,0,10009
2.75,60.9,57.0,0,0,0,0,1,0,0,0,0,0,0,1,0,0,0,0,0,0,0,1,13156
2.0,65.4,58.0,1,0,0,0,0,1,0,0,0,0,0,0,0,0,0,0,1,0,0,0,11966
2.0,66.8,55.0,1,0,0,0,0,0,1,0,0,0,0,0,0,0,0,1,0,0,0,0,8037
2.2,60.4,60.0,0,0,0,1,0,0,0,0,1,0,0,0,0,0,0,1,0,0,0,0,15897
2.17,62.1,61.0,0,0,1,0,0,0,1,0,0,0,0,0,0,1,0,0,0,0,0,0,15760
2.0,61.0,58.0,0,0,0,1,0,0,0,0,0,0,0,1,0,0,0,1,0,0,0,0,14406
2.02,61.5,59.0,0,0,1,0,0,0,0,1,0,0,0,0,0,0,0,0,1,0,0,0,17887
2.11,67.2,60.0,1,0,0,0,0,0,1,0,0,0,0,0,0,1,0,0,0,0,0,0,15282
2.01,59.8,58.0,0,0,0,1,0,0,0,0,1,0,0,0,0,0,0,1,0,0,0,0,15977
2.01,60.5,61.0,0,0,0,1,0,0,0,1,0,0,0,0,0,0,0,1,0,0,0,0,16287
2.0,62.9,58.0,0,0,0,1,0,0,0,0,1,0,0,0,0,0,0,1,0,0,0,0,13420
2.13,62.4,56.0,0,0,0,1,0,0,0,1,0,0,0,0,0,0,0,1,0,0,0,0,12753
2.01,59.5,58.0,0,0,1,0,0,0,1,0,0,0,0,0,0,0,0,1,0,0,0,0,13669
2.68,63.5,56.0,0,0,1,0,0,0,1,0,0,0,0,0,0,0,0,0,0,0,0,1,9665
2.06,60.7,58.0,0,0,0,1,0,0,0,0,1,0,0,0,0,0,0,1,0,0,0,0,13908
2.48,56.7,66.0,1,0,0,0,0,0,1,0,0,0,0,0,0,0,0,1,0,0,0,0,15030
2.25,60.5,56.0,0,0,0,0,1,0,1,0,0,0,0,0,0,0,0,1,0,0,0,0,16575
2.38,62.4,58.0,0,0,0,1,0,1,0,0,0,0,0,0,0,1,0,0,0,0,0,0,12364
2.3,63.8,55.0,0,1,0,0,0,0,1,0,0,0,0,0,0,0,0,1,0,0,0,0,12944
2.31,60.7,63.0,0,0,1,0,0,1,0,0,0,0,0,0,0,0,0,1,0,0,0,0,12369
2.06,59.0,64.0,0,1,0,0,0,0,1,0,0,0,0,0,0,1,0,0,0,0,0,0,14920
2.01,63.0,56.0,0,0,0,0,1,0,0,0,1,0,0,0,0,0,0,0,1,0,0,0,18172
2.0,65.6,58.0,1,0,0,0,0,0,0,1,0,0,0,0,0,1,0,0,0,0,0,0,15762
2.01,62.1,57.0,0,0,0,0,1,0,0,0,0,0,1,0,0,0,0,1,0,0,0,0,13387
2.21,60.2,60.0,0,0,0,0,1,0,0,0,1,0,0,0,0,0,0,1,0,0,0,0,18128
2.03,63.7,58.0,0,0,1,0,0,0,0,0,0,0,1,0,0,0,0,1,0,0,0,0,16412
2.09,61.3,59.0,0,0,0,1,0,0,0,0,0,1,0,0,0,0,0,1,0,0,0,0,12377
2.3,61.6,56.0,0,0,0,0,1,0,0,1,0,0,0,0,0,0,0,1,0,0,0,0,18304
2.48,63.0,62.0,0,0,1,0,0,0,1,0,0,0,0,0,0,0,0,1,0,0,0,0,17448
2.02,61.1,61.0,0,0,0,1,0,0,1,0,0,0,0,0,0,0,0,1,0,0,0,0,13991
2.23,60.5,61.0,0,0,0,1,0,1,0,0,0,0,0,0,0,0,0,1,0,0,0,0,12770
2.08,60.2,60.0,0,0,0,0,1,0,0,0,0,0,1,0,0,0,0,1,0,0,0,0,18128
2.01,62.2,57.0,0,0,0,0,1,0,0,0,0,0,1,0,0,0,0,1,0,0,0,0,17849
3.5,62.8,57.0,0,0,0,0,1,0,0,1,0,0,0,0,0,0,0,0,0,0,0,1,12587
2.07,61.2,60.0,0,0,0,1,0,0,0,1,0,0,0,0,0,1,0,0,0,0,0,0,14476
2.03,63.1,58.0,0,0,1,0,0,0,0,0,0,0,0,1,0,0,0,1,0,0,0,0,13858
2.36,58.9,64.0,0,1,0,0,0,1,0,0,0,0,0,0,0,0,0,1,0,0,0,0,12286
2.0,66.3,54.0,1,0,0,0,0,0,1,0,0,0,0,0,1,0,0,0,0,0,0,0,12907
2.14,60.7,59.0,0,0,0,1,0,0,0,0,1,0,0,0,0,0,0,1,0,0,0,0,13540
2.06,61.5,58.0,0,0,0,1,0,0,0,0,1,0,0,0,0,1,0,0,0,0,0,0,18439
2.01,64.6,55.0,0,1,0,0,0,0,0,0,0,0,0,1,0,0,0,1,0,0,0,0,15394
2.1,60.4,59.0,0,0,0,1,0,0,0,1,0,0,0,0,0,0,0,1,0,0,0,0,16479
2.05,61.8,60.0,0,0,0,1,0,0,0,1,0,0,0,0,0,0,0,0,1,0,0,0,18318
2.37,61.9,55.0,0,0,0,0,1,1,0,0,0,0,0,0,0,1,0,0,0,0,0,0,18508
2.09,61.1,56.0,0,0,1,0,0,0,0,1,0,0,0,0,0,1,0,0,0,0,0,0,18392
2.0,63.3,59.0,0,0,1,0,0,1,0,0,0,0,0,0,0,1,0,0,0,0,0,0,11189
2.03,62.6,59.0,0,0,0,1,0,0,0,1,0,0,0,0,0,0,0,0,1,0,0,0,17975
2.03,63.0,56.0,0,0,0,1,0,0,1,0,0,0,0,0,0,0,0,1,0,0,0,0,13182
2.52,65.4,59.0,1,0,0,0,0,0,0,1,0,0,0,0,0,0,0,1,0,0,0,0,13846
2.09,59.8,59.0,0,0,0,1,0,0,0,0,1,0,0,0,0,0,0,1,0,0,0,0,14024
2.02,61.5,58.0,0,0,0,0,1,0,1,0,0,0,0,0,0,0,0,0,1,0,0,0,16018
2.2,61.5,58.0,0,0,0,1,0,0,0,1,0,0,0,0,0,0,0,1,0,0,0,0,12747
2.01,62.2,56.0,0,0,0,0,1,0,0,0,0,1,0,0,0,0,0,1,0,0,0,0,17078
2.03,62.7,61.0,0,1,0,0,0,0,1,0,0,0,0,0,0,1,0,0,0,0,0,0,15339
2.2,63.6,58.0,0,1,0,0,0,0,0,1,0,0,0,0,0,0,0,1,0,0,0,0,13919
2.11,60.9,60.0,0,0,1,0,0,0,0,0,0,0,0,1,0,0,0,1,0,0,0,0,18407
2.51,59.3,58.0,0,0,0,1,0,1,0,0,0,0,0,0,0,0,0,1,0,0,0,0,16278
2.01,62.1,60.0,0,0,0,1,0,0,1,0,0,0,0,0,0,0,0,1,0,0,0,0,9658
2.01,62.3,57.0,0,0,0,0,1,0,1,0,0,0,0,0,0,0,0,1,0,0,0,0,13796
2.17,58.8,62.0,0,0,1,0,0,0,0,1,0,0,0,0,0,0,0,1,0,0,0,0,14625
2.05,62.5,57.0,0,0,1,0,0,0,0,1,0,0,0,0,0,1,0,0,0,0,0,0,17811
2.05,63.4,58.0,0,0,1,0,0,0,0,0,1,0,0,0,0,1,0,0,0,0,0,0,12515
2.3,61.8,60.0,0,0,0,1,0,0,1,0,0,0,0,0,0,0,0,0,1,0,0,0,18239
2.03,62.8,59.0,0,0,1,0,0,0,1,0,0,0,0,0,0,0,0,1,0,0,0,0,13063
2.04,61.4,59.0,0,0,0,1,0,1,0,0,0,0,0,0,0,0,0,0,1,0,0,0,13477
2.09,57.9,63.0,0,1,0,0,0,0,1,0,0,0,0,0,0,1,0,0,0,0,0,0,16294
2.01,63.1,55.0,0,1,0,0,0,0,0,1,0,0,0,0,0,0,0,1,0,0,0,0,13849
2.16,61.4,58.0,0,0,1,0,0,1,0,0,0,0,0,0,0,1,0,0,0,0,0,0,14715
2.11,62.0,55.0,0,0,0,0,1,0,1,0,0,0,0,0,0,1,0,0,0,0,0,0,15282
2.11,61.0,58.0,0,0,0,1,0,1,0,0,0,0,0,0,0,0,0,1,0,0,0,0,12554
2.01,58.5,58.0,0,0,0,1,0,0,0,1,0,0,0,0,0,1,0,0,0,0,0,0,16956
2.05,62.5,58.0,0,0,0,1,0,0,0,1,0,0,0,0,0,0,0,1,0,0,0,0,16431
2.2,61.1,59.0,0,0,0,1,0,0,0,1,0,0,0,0,0,0,0,1,0,0,0,0,16996
2.01,60.6,60.0,0,0,1,0,0,1,0,0,0,0,0,0,0,0,0,1,0,0,0,0,11406
2.0,59.0,62.0,0,0,0,1,0,0,0,0,1,0,0,0,0,1,0,0,0,0,0,0,14918
2.28,62.9,57.0,0,0,1,0,0,0,1,0,0,0,0,0,0,0,0,1,0,0,0,0,16041
2.02,61.2,59.0,0,0,0,1,0,0,1,0,0,0,0,0,1,0,0,0,0,0,0,0,17153
2.21,59.6,60.0,0,0,0,1,0,0,0,0,0,1,0,0,0,0,0,1,0,0,0,0,16657
2.48,63.0,62.0,0,0,0,1,0,0,1,0,0,0,0,0,0,0,0,1,0,0,0,0,17607
2.22,61.3,56.0,0,0,0,0,1,0,1,0,0,0,0,0,0,0,0,0,1,0,0,0,18363
2.02,61.9,58.0,0,0,0,0,1,0,1,0,0,0,0,0,0,1,0,0,0,0,0,0,15942
2.15,62.4,60.0,0,0,1,0,0,1,0,0,0,0,0,0,0,1,0,0,0,0,0,0,13622
2.0,60.7,60.0,0,0,0,1,0,0,0,1,0,0,0,0,0,0,0,1,0,0,0,0,15451
2.0,60.3,58.0,0,0,0,1,0,0,0,0,0,0,1,0,0,0,0,1,0,0,0,0,12987
2.03,58.5,60.0,0,0,0,1,0,0,1,0,0,0,0,0,0,0,0,0,1,0,0,0,16309
2.0,59.5,62.0,0,0,0,1,0,0,1,0,0,0,0,0,0,0,0,0,1,0,0,0,15651
2.1,61.3,55.0,0,0,0,0,1,0,0,0,1,0,0,0,0,0,0,1,0,0,0,0,18312
2.03,61.7,58.0,0,0,0,1,0,0,0,0,0,0,0,1,0,0,0,1,0,0,0,0,13229
2.01,61.7,56.0,0,0,0,0,1,0,0,0,0,1,0,0,0,0,0,1,0,0,0,0,18394
2.51,62.2,58.0,0,0,0,1,0,1,0,0,0,0,0,0,0,0,0,0,1,0,0,0,18020
2.12,61.5,59.0,0,0,0,1,0,0,0,1,0,0,0,0,0,0,0,1,0,0,0,0,13307
2.01,62.7,59.0,0,0,0,1,0,0,0,1,0,0,0,0,0,1,0,0,0,0,0,0,17688
2.01,59.6,61.0,0,1,0,0,0,1,0,0,0,0,0,0,0,1,0,0,0,0,0,0,11703
2.01,60.5,58.0,0,0,0,1,0,0,1,0,0,0,0,0,0,1,0,0,0,0,0,0,12829
2.02,63.1,56.0,0,0,1,0,0,0,0,0,1,0,0,0,0,0,0,1,0,0,0,0,15848
2.01,62.2,60.0,0,0,0,1,0,0,0,0,0,0,1,0,0,0,0,1,0,0,0,0,13387
2.08,62.3,55.0,0,0,0,0,1,1,0,0,0,0,0,0,0,0,0,1,0,0,0,0,12179
2.02,59.4,59.0,0,0,0,1,0,0,1,0,0,0,0,0,0,0,0,1,0,0,0,0,14341
2.01,62.3,61.0,0,1,0,0,0,0,0,0,0,0,1,0,0,0,0,1,0,0,0,0,17115
2.16,58.7,60.0,0,0,0,1,0,0,1,0,0,0,0,0,0,0,0,0,1,0,0,0,18481
2.14,62.8,59.0,0,0,1,0,0,0,1,0,0,0,0,0,0,0,0,0,1,0,0,0,15931
2.13,59.6,59.0,0,0,0,1,0,1,0,0,0,0,0,0,0,0,0,0,1,0,0,0,15110
2.0,63.2,54.0,0,0,1,0,0,0,0,1,0,0,0,0,0,1,0,0,0,0,0,0,13320
2.0,62.5,57.0,0,0,0,0,1,0,0,1,0,0,0,0,0,0,0,0,0,0,0,1,7204
2.15,61.2,58.0,0,0,0,1,0,0,0,0,1,0,0,0,0,0,0,1,0,0,0,0,11985
2.01,62.6,59.0,0,0,1,0,0,0,0,1,0,0,0,0,0,1,0,0,0,0,0,0,16901
2.4,62.6,59.0,0,0,0,1,0,0,0,0,0,1,0,0,0,0,0,1,0,0,0,0,16797
2.75,60.5,61.0,0,0,0,1,0,0,0,1,0,0,0,0,0,0,0,1,0,0,0,0,15415
2.03,62.3,60.0,0,0,1,0,0,0,1,0,0,0,0,0,0,1,0,0,0,0,0,0,16392
2.0,60.3,57.0,0,0,0,1,0,0,0,0,1,0,0,0,0,0,0,1,0,0,0,0,12388
2.01,62.2,59.0,0,0,1,0,0,1,0,0,0,0,0,0,0,1,0,0,0,0,0,0,12084
2.52,61.5,56.0,0,0,0,0,1,0,1,0,0,0,0,0,0,1,0,0,0,0,0,0,17231
2.01,61.9,56.0,0,0,0,0,1,0,1,0,0,0,0,0,0,1,0,0,0,0,0,0,14558
2.1,59.1,58.0,0,0,0,1,0,1,0,0,0,0,0,0,0,0,0,1,0,0,0,0,12494
2.5,62.4,59.0,0,0,0,1,0,0,0,1,0,0,0,0,0,0,0,1,0,0,0,0,15934
2.08,62.3,56.0,0,0,0,0,1,0,1,0,0,0,0,0,0,0,0,1,0,0,0,0,15132
2.03,62.2,57.0,0,0,0,0,1,0,0,0,1,0,0,0,0,0,0,1,0,0,0,0,12573
2.19,63.7,57.0,0,1,0,0,0,0,1,0,0,0,0,0,0,0,0,1,0,0,0,0,11756
2.02,57.1,60.0,0,1,0,0,0,0,0,0,0,1,0,0,0,0,0,1,0,0,0,0,12615
2.31,62.5,55.0,0,0,1,0,0,0,1,0,0,0,0,0,0,1,0,0,0,0,0,0,17715
2.0,63.3,59.0,0,0,1,0,0,0,0,1,0,0,0,0,0,1,0,0,0,0,0,0,17760
3.01,57.6,64.0,0,1,0,0,0,0,0,1,0,0,0,0,0,0,0,1,0,0,0,0,18593
2.5,59.0,60.0,0,0,0,1,0,0,1,0,0,0,0,0,0,0,0,1,0,0,0,0,18447
2.01,63.2,57.0,0,0,1,0,0,0,0,1,0,0,0,0,0,0,0,1,0,0,0,0,14150
2.02,62.7,60.0,0,0,0,1,0,1,0,0,0,0,0,0,0,0,0,1,0,0,0,0,11463
2.37,62.2,57.0,0,0,0,0,1,1,0,0,0,0,0,0,0,0,0,0,1,0,0,0,16059
2.01,59.4,63.0,0,1,0,0,0,0,1,0,0,0,0,0,0,1,0,0,0,0,0,0,14597
2.1,61.7,55.0,0,0,0,0,1,0,1,0,0,0,0,0,0,1,0,0,0,0,0,0,13182
2.8,61.1,59.0,0,0,0,1,0,0,1,0,0,0,0,0,0,0,0,1,0,0,0,0,15030
2.47,62.1,57.0,0,0,0,0,1,1,0,0,0,0,0,0,0,0,0,1,0,0,0,0,15430
2.02,62.7,58.0,0,0,1,0,0,0,0,1,0,0,0,0,0,0,0,0,1,0,0,0,18398
2.03,62.9,57.0,0,0,0,1,0,0,0,0,0,0,1,0,0,1,0,0,0,0,0,0,16629
2.06,62.4,55.0,0,0,0,0,1,0,1,0,0,0,0,0,0,0,0,1,0,0,0,0,14120
2.12,62.1,56.0,0,0,0,0,1,1,0,0,0,0,0,0,0,1,0,0,0,0,0,0,14503
2.18,62.6,58.0,0,0,0,1,0,1,0,0,0,0,0,0,0,0,0,1,0,0,0,0,12970
2.01,60.5,59.0,0,0,0,1,0,1,0,0,0,0,0,0,0,1,0,0,0,0,0,0,12690
2.3,62.6,56.0,0,0,0,0,1,0,1,0,0,0,0,0,0,0,0,0,1,0,0,0,18190
2.09,62.5,56.0,0,0,0,0,1,0,1,0,0,0,0,0,0,0,0,0,1,0,0,0,17999
2.28,63.6,57.0,0,1,0,0,0,1,0,0,0,0,0,0,0,0,0,1,0,0,0,0,9068
2.01,60.9,65.0,0,1,0,0,0,0,0,1,0,0,0,0,0,1,0,0,0,0,0,0,15618
2.19,62.5,56.0,0,0,0,0,1,0,1,0,0,0,0,0,0,0,0,1,0,0,0,0,15254
2.02,62.7,53.0,0,0,0,1,0,0,0,1,0,0,0,0,0,0,0,0,1,0,0,0,18207
2.0,62.8,57.0,0,0,1,0,0,1,0,0,0,0,0,0,0,0,0,1,0,0,0,0,11510
2.03,61.6,55.0,0,0,0,0,1,0,0,1,0,0,0,0,0,0,0,1,0,0,0,0,16642
2.04,60.2,58.0,0,0,0,1,0,0,0,0,0,1,0,0,0,0,0,1,0,0,0,0,18231
2.02,59.8,59.9,0,0,1,0,0,1,0,0,0,0,0,0,0,1,0,0,0,0,0,0,12598
2.01,60.9,58.0,0,0,0,1,0,1,0,0,0,0,0,0,0,1,0,0,0,0,0,0,12048
2.19,61.8,60.0,0,0,0,1,0,1,0,0,0,0,0,0,0,0,0,1,0,0,0,0,13355
2.0,58.5,58.0,0,0,1,0,0,0,1,0,0,0,0,0,0,1,0,0,0,0,0,0,15249
2.2,58.9,60.0,0,0,0,1,0,0,1,0,0,0,0,0,0,0,0,0,1,0,0,0,17905
2.01,61.6,61.0,0,0,0,1,0,0,0,1,0,0,0,0,0,0,0,0,1,0,0,0,17191
2.02,65.5,57.0,0,1,0,0,0,0,1,0,0,0,0,0,1,0,0,0,0,0,0,0,15765
2.0,64.1,55.0,0,1,0,0,0,0,0,0,1,0,0,0,0,0,0,0,1,0,0,0,17898
2.01,60.9,59.0,0,0,0,1,0,0,0,1,0,0,0,0,0,1,0,0,0,0,0,0,16733
2.0,62.8,57.0,0,0,1,0,0,0,0,1,0,0,0,0,0,1,0,0,0,0,0,0,18803
2.03,61.9,57.0,0,0,0,0,1,0,0,1,0,0,0,0,0,0,0,1,0,0,0,0,11379
2.06,62.0,57.0,0,0,0,0,1,0,0,1,0,0,0,0,0,0,0,1,0,0,0,0,11040
2.12,61.4,57.0,0,0,0,0,1,0,0,1,0,0,0,0,0,0,0,1,0,0,0,0,12284
2.1,61.3,58.0,0,0,0,1,0,1,0,0,0,0,0,0,0,0,0,0,0,0,1,0,17606
2.02,63.5,60.0,0,0,1,0,0,1,0,0,0,0,0,0,0,1,0,0,0,0,0,0,12915
2.01,63.2,59.0,0,0,1,0,0,0,0,1,0,0,0,0,0,0,0,1,0,0,0,0,12229
2.26,63.1,58.0,0,0,1,0,0,0,0,1,0,0,0,0,0,0,0,1,0,0,0,0,13797
2.27,68.6,56.0,1,0,0,0,0,0,0,0,1,0,0,0,0,0,0,0,0,0,0,1,7131
2.42,62.3,58.0,0,0,0,1,0,1,0,0,0,0,0,0,0,0,0,1,0,0,0,0,16198
2.0,60.0,56.0,0,0,1,0,0,0,0,0,0,0,0,1,0,0,0,1,0,0,0,0,17953
2.05,60.8,58.0,0,0,0,1,0,0,1,0,0,0,0,0,0,0,0,0,1,0,0,0,16896
2.24,60.5,59.0,0,0,0,0,1,0,1,0,0,0,0,0,0,1,0,0,0,0,0,0,18299
2.1,65.2,56.0,1,0,0,0,0,0,0,0,1,0,0,0,0,0,0,1,0,0,0,0,13007
2.12,61.5,58.0,0,0,0,1,0,0,1,0,0,0,0,0,0,0,0,0,1,0,0,0,17254
2.0,64.2,59.0,0,1,0,0,0,0,0,0,1,0,0,0,0,1,0,0,0,0,0,0,17740
2.0,59.8,55.0,0,0,0,0,1,0,1,0,0,0,0,0,0,0,0,1,0,0,0,0,11255
2.16,61.0,57.0,0,0,0,0,1,0,0,0,0,1,0,0,0,0,0,0,0,0,0,1,9036
2.01,63.8,57.0,0,1,0,0,0,0,1,0,0,0,0,0,0,1,0,0,0,0,0,0,13976
2.74,64.9,61.0,1,0,0,0,0,1,0,0,0,0,0,0,0,0,0,0,0,0,0,1,8807
2.02,62.2,57.0,0,0,0,0,1,1,0,0,0,0,0,0,0,0,0,1,0,0,0,0,12736
2.02,60.6,57.0,0,0,1,0,0,0,0,0,0,0,0,1,0,0,0,1,0,0,0,0,15334
2.01,63.8,59.0,1,0,0,0,0,0,0,0,1,0,0,0,0,0,0,1,0,0,0,0,14799
2.23,61.2,58.0,0,0,0,1,0,0,1,0,0,0,0,0,0,0,0,0,1,0,0,0,18149
2.04,59.9,58.0,0,0,1,0,0,0,0,0,1,0,0,0,0,0,0,1,0,0,0,0,16389
2.0,59.3,60.0,0,0,0,1,0,0,0,0,1,0,0,0,0,1,0,0,0,0,0,0,14918
2.12,62.7,56.0,0,0,0,0,1,0,1,0,0,0,0,0,0,0,0,0,1,0,0,0,17068
2.52,60.6,60.0,0,0,0,1,0,0,0,0,0,1,0,0,0,0,0,1,0,0,0,0,18179
2.3,61.3,58.0,0,0,0,1,0,0,1,0,0,0,0,0,0,0,0,1,0,0,0,0,11051
2.01,62.1,56.0,0,0,0,0,1,1,0,0,0,0,0,0,0,1,0,0,0,0,0,0,12048
2.05,62.1,59.0,0,0,0,1,0,0,1,0,0,0,0,0,0,0,0,1,0,0,0,0,9850
2.0,63.5,59.0,0,0,1,0,0,0,1,0,0,0,0,0,0,0,0,0,1,0,0,0,15025
4.0,63.3,58.0,0,0,1,0,0,0,1,0,0,0,0,0,0,0,0,0,0,0,0,1,15984
2.5,67.0,57.0,1,0,0,0,0,0,0,0,1,0,0,0,0,0,0,1,0,0,0,0,14194
2.16,63.0,55.0,0,0,0,0,1,1,0,0,0,0,0,0,0,1,0,0,0,0,0,0,14691
2.0,62.2,57.0,0,0,1,0,0,0,0,1,0,0,0,0,0,1,0,0,0,0,0,0,15745
2.0,63.0,54.0,0,0,0,1,0,0,0,1,0,0,0,0,0,1,0,0,0,0,0,0,14319
2.05,62.2,57.0,0,0,0,0,1,0,0,0,0,1,0,0,0,0,0,1,0,0,0,0,12743
2.04,63.6,60.0,0,0,1,0,0,0,1,0,0,0,0,0,0,1,0,0,0,0,0,0,16420
2.03,61.6,58.0,0,0,0,1,0,0,0,1,0,0,0,0,0,0,0,1,0,0,0,0,16075
2.01,61.3,60.0,0,0,1,0,0,0,0,0,1,0,0,0,0,0,0,1,0,0,0,0,13940
2.19,61.5,57.0,0,0,0,0,1,0,1,0,0,0,0,0,0,0,0,1,0,0,0,0,15509
2.01,60.5,60.0,0,0,0,1,0,0,1,0,0,0,0,0,0,0,0,0,1,0,0,0,16778
2.01,63.4,57.0,0,0,1,0,0,0,0,1,0,0,0,0,0,0,0,1,0,0,0,0,16111
2.49,66.3,58.0,1,0,0,0,0,1,0,0,0,0,0,0,0,0,0,0,0,0,0,1,6289
2.38,60.9,59.0,0,0,0,1,0,0,0,1,0,0,0,0,1,0,0,0,0,0,0,0,18522
3.0,67.1,57.0,1,0,0,0,0,0,0,1,0,0,0,0,0,0,0,0,0,0,0,1,8044
2.06,61.8,58.0,0,0,0,1,0,0,0,0,1,0,0,0,0,0,0,1,0,0,0,0,16437
2.01,61.9,60.0,0,0,0,0,1,0,0,1,0,0,0,0,0,1,0,0,0,0,0,0,17892
2.22,63.2,57.0,0,0,1,0,0,0,1,0,0,0,0,0,0,0,0,1,0,0,0,0,16547
3.01,61.7,58.0,0,0,0,0,1,1,0,0,0,0,0,0,0,0,0,1,0,0,0,0,16037
2.01,62.1,60.0,0,0,1,0,0,0,1,0,0,0,0,0,0,0,0,0,1,0,0,0,15919
2.03,60.4,59.0,0,0,0,1,0,1,0,0,0,0,0,0,0,0,0,1,0,0,0,0,9435
2.01,63.9,59.0,0,1,0,0,0,0,0,1,0,0,0,0,0,1,0,0,0,0,0,0,15467
2.03,62.5,57.0,0,0,0,0,1,1,0,0,0,0,0,0,1,0,0,0,0,0,0,0,14579
3.04,59.3,60.0,0,0,0,1,0,0,1,0,0,0,0,0,0,0,0,1,0,0,0,0,18559
2.0,60.8,62.0,0,0,0,1,0,1,0,0,0,0,0,0,0,0,0,0,1,0,0,0,13162
2.5,62.0,58.0,0,1,0,0,0,1,0,0,0,0,0,0,0,0,0,0,1,0,0,0,18325
2.17,62.0,56.0,0,0,0,0,1,0,0,1,0,0,0,0,0,0,0,1,0,0,0,0,17805
2.01,58.8,60.0,0,1,0,0,0,0,1,0,0,0,0,0,0,1,0,0,0,0,0,0,16731
2.06,61.8,58.0,0,0,0,1,0,0,1,0,0,0,0,0,0,0,0,1,0,0,0,0,14803
2.01,59.0,60.0,0,0,0,1,0,0,0,0,1,0,0,0,0,0,0,1,0,0,0,0,16733
2.01,62.3,58.0,0,0,0,1,0,0,0,1,0,0,0,0,0,1,0,0,0,0,0,0,17235
2.0,57.3,65.0,0,1,0,0,0,0,0,0,0,0,1,0,0,0,0,1,0,0,0,0,13320
2.2,61.6,57.0,0,0,0,0,1,1,0,0,0,0,0,0,0,0,0,0,1,0,0,0,15384
2.03,61.6,58.0,0,0,0,1,0,1,0,0,0,0,0,0,0,0,0,1,0,0,0,0,12268
2.0,60.1,61.0,0,0,0,1,0,0,0,1,0,0,0,0,0,1,0,0,0,0,0,0,15984
2.17,62.3,58.0,0,0,0,1,0,0,0,1,0,0,0,0,0,1,0,0,0,0,0,0,13248
2.03,60.0,55.8,0,0,0,0,1,0,0,0,1,0,0,0,0,1,0,0,0,0,0,0,18757
2.33,62.4,57.0,0,0,0,0,1,0,1,0,0,0,0,0,0,0,0,0,1,0,0,0,15073
2.02,63.0,57.0,0,0,0,0,1,0,0,1,0,0,0,0,0,0,0,1,0,0,0,0,15974
2.07,62.3,60.0,0,0,1,0,0,0,1,0,0,0,0,0,0,1,0,0,0,0,0,0,15847
2.02,61.7,53.0,0,0,0,0,1,0,0,0,1,0,0,0,0,0,0,0,1,0,0,0,18077
2.2,61.7,59.0,0,0,0,1,0,1,0,0,0,0,0,0,1,0,0,0,0,0,0,0,15064
2.0,60.7,60.0,0,0,0,1,0,0,1,0,0,0,0,0,0,0,0,0,1,0,0,0,16544
2.01,61.6,61.0,0,0,0,1,0,0,1,0,0,0,0,0,0,0,0,0,1,0,0,0,16149
2.02,58.0,58.0,0,0,0,1,0,0,1,0,0,0,0,0,0,0,0,1,0,0,0,0,13117
2.34,61.7,60.0,0,0,0,1,0,0,1,0,0,0,0,0,0,1,0,0,0,0,0,0,15818
2.0,60.3,56.0,0,0,0,0,1,0,0,0,0,1,0,0,0,0,0,0,0,0,0,1,10494
2.0,61.7,60.0,0,0,0,1,0,0,0,0,1,0,0,0,0,0,0,1,0,0,0,0,11355
2.18,60.4,64.0,0,1,0,0,0,0,0,1,0,0,0,0,0,0,0,1,0,0,0,0,16690
2.36,61.8,56.0,0,0,0,0,1,0,0,1,0,0,0,0,0,0,0,1,0,0,0,0,14146
2.05,61.4,58.5,0,0,1,0,0,1,0,0,0,0,0,0,1,0,0,0,0,0,0,0,16641
2.4,60.6,58.5,0,0,1,0,0,0,1,0,0,0,0,0,0,0,0,1,0,0,0,0,17955
2.16,62.4,59.0,0,0,1,0,0,0,0,0,0,1,0,0,0,0,0,1,0,0,0,0,18678
2.01,63.0,55.0,0,0,0,0,1,0,0,1,0,0,0,0,0,0,0,0,1,0,0,0,15395
2.01,60.2,61.0,0,0,0,1,0,1,0,0,0,0,0,0,1,0,0,0,0,0,0,0,12963
2.01,59.5,58.0,0,0,0,1,0,0,0,0,0,1,0,0,0,1,0,0,0,0,0,0,14502
2.01,59.7,63.0,0,0,1,0,0,0,1,0,0,0,0,0,1,0,0,0,0,0,0,0,17751
2.2,62.2,56.0,0,0,0,0,1,0,1,0,0,0,0,0,0,0,0,1,0,0,0,0,13512
2.44,58.1,60.0,0,0,1,0,0,1,0,0,0,0,0,0,0,0,0,0,1,0,0,0,18430
2.52,58.5,59.0,0,0,0,1,0,0,1,0,0,0,0,0,0,1,0,0,0,0,0,0,18252
2.06,59.0,58.0,0,0,1,0,0,0,0,0,1,0,0,0,0,0,0,1,0,0,0,0,15938
2.09,60.0,60.0,0,0,0,1,0,1,0,0,0,0,0,0,0,0,0,1,0,0,0,0,13212
2.2,60.9,60.0,0,0,0,1,0,1,0,0,0,0,0,0,0,0,0,1,0,0,0,0,13065
2.07,63.6,58.0,0,1,0,0,0,0,1,0,0,0,0,0,0,1,0,0,0,0,0,0,13993
2.09,61.8,57.0,0,0,0,0,1,0,0,0,1,0,0,0,0,0,0,0,1,0,0,0,17051
2.2,63.0,59.0,0,0,0,1,0,0,1,0,0,0,0,0,0,0,0,1,0,0,0,0,15238
2.0,63.6,58.0,0,0,1,0,0,0,0,0,0,1,0,0,0,1,0,0,0,0,0,0,16580
2.06,61.4,57.0,0,0,0,0,1,0,1,0,0,0,0,0,0,0,0,1,0,0,0,0,10728
2.0,64.7,57.0,0,1,0,0,0,0,0,0,0,0,1,0,0,0,0,1,0,0,0,0,15393
2.11,61.6,59.0,0,0,0,1,0,0,0,0,1,0,0,0,0,1,0,0,0,0,0,0,17816
3.01,62.7,58.0,0,0,0,1,0,0,1,0,0,0,0,0,0,0,0,0,0,0,0,1,8040
2.21,60.7,62.0,0,0,0,1,0,0,0,0,1,0,0,0,0,0,0,1,0,0,0,0,15970
2.04,63.0,58.0,0,0,1,0,0,0,0,1,0,0,0,0,0,1,0,0,0,0,0,0,17952
2.04,58.1,60.0,0,0,0,1,0,0,0,1,0,0,0,0,0,1,0,0,0,0,0,0,18795
2.38,62.4,58.0,0,0,0,1,0,0,0,0,1,0,0,0,0,0,0,1,0,0,0,0,14648
2.41,57.7,61.0,0,1,0,0,0,0,1,0,0,0,0,0,0,0,0,1,0,0,0,0,17923
2.15,61.8,57.0,0,0,0,0,1,0,0,1,0,0,0,0,0,0,0,1,0,0,0,0,17063
2.29,61.6,60.0,0,0,0,1,0,0,0,1,0,0,0,0,0,0,0,0,1,0,0,0,17539
2.53,62.1,59.0,0,0,0,1,0,0,0,1,0,0,0,0,0,1,0,0,0,0,0,0,18254
2.28,61.6,57.0,0,0,0,0,1,0,0,0,1,0,0,0,0,0,0,1,0,0,0,0,13907
2.41,58.7,61.0,0,0,0,1,0,0,0,1,0,0,0,0,0,0,0,1,0,0,0,0,15248
2.04,60.2,58.0,0,0,0,1,0,0,0,0,0,1,0,0,0,0,0,1,0,0,0,0,18066
2.03,60.8,57.0,0,0,0,0,1,0,0,1,0,0,0,0,0,1,0,0,0,0,0,0,18026
2.01,62.5,61.0,0,0,1,0,0,0,1,0,0,0,0,0,0,0,0,0,1,0,0,0,15675
2.13,57.9,60.0,0,0,1,0,0,0,0,0,1,0,0,0,0,0,0,1,0,0,0,0,16462
2.24,62.2,59.0,0,0,0,1,0,1,0,0,0,0,0,0,0,0,0,1,0,0,0,0,13827
2.21,62.1,59.0,0,0,0,1,0,0,0,0,0,1,0,0,0,1,0,0,0,0,0,0,16804
2.01,62.7,57.0,0,0,1,0,0,0,0,0,0,0,1,0,0,1,0,0,0,0,0,0,17676
2.5,64.7,57.0,1,0,0,0,0,0,0,0,1,0,0,0,0,0,0,0,0,0,0,1,7854
2.01,59.3,62.0,0,0,1,0,0,1,0,0,0,0,0,0,0,1,0,0,0,0,0,0,12257
2.31,62.1,58.0,0,0,0,1,0,1,0,0,0,0,0,0,0,0,0,0,0,0,1,0,16100
2.35,61.8,58.0,0,0,0,1,0,0,1,0,0,0,0,0,0,1,0,0,0,0,0,0,14185
2.02,62.8,55.0,0,0,1,0,0,0,0,0,1,0,0,0,0,0,0,1,0,0,0,0,15877
2.02,62.3,59.0,0,0,0,0,1,0,1,0,0,0,0,0,1,0,0,0,0,0,0,0,17936
2.05,58.7,60.0,0,0,0,1,0,0,0,0,1,0,0,0,0,0,0,1,0,0,0,0,17988
2.0,64.8,58.0,1,0,0,0,0,0,0,0,0,0,0,1,0,1,0,0,0,0,0,0,15540
2.11,61.9,57.0,0,0,0,0,1,0,1,0,0,0,0,0,1,0,0,0,0,0,0,0,16723
2.06,62.3,56.0,0,0,0,0,1,0,0,0,1,0,0,0,0,0,0,1,0,0,0,0,18293
2.2,61.5,57.0,0,0,0,0,1,1,0,0,0,0,0,0,0,1,0,0,0,0,0,0,14593
2.32,70.5,55.0,1,0,0,0,0,0,0,1,0,0,0,0,0,0,0,0,0,0,0,1,6860
2.09,63.0,57.0,0,0,1,0,0,0,1,0,0,0,0,0,0,0,0,1,0,0,0,0,14704
3.01,65.8,56.0,1,0,0,0,0,0,1,0,0,0,0,0,0,0,0,1,0,0,0,0,18242
2.18,62.2,55.0,0,0,0,0,1,1,0,0,0,0,0,0,0,0,0,0,1,0,0,0,16427
2.04,60.0,60.0,0,0,1,0,0,0,0,1,0,0,0,0,0,0,0,1,0,0,0,0,16319
2.08,58.7,60.0,0,0,0,0,1,0,0,1,0,0,0,0,0,1,0,0,0,0,0,0,18760
2.0,64.9,57.0,1,0,0,0,0,0,0,0,0,1,0,0,0,0,0,0,0,0,0,1,7258
2.13,62.3,57.0,0,0,0,1,0,0,0,1,0,0,0,0,0,0,0,1,0,0,0,0,17073
2.01,63.9,59.0,0,1,0,0,0,0,0,1,0,0,0,0,0,0,0,0,0,0,0,1,7024
2.0,62.5,58.0,0,0,0,1,0,0,0,1,0,0,0,0,0,0,0,1,0,0,0,0,12940
2.02,62.4,56.0,0,0,0,0,1,0,0,1,0,0,0,0,0,0,0,1,0,0,0,0,12680
2.04,59.6,56.0,0,1,0,0,0,1,0,0,0,0,0,0,0,0,0,0,1,0,0,0,13550
2.0,58.6,61.0,0,0,0,1,0,0,1,0,0,0,0,0,0,0,0,1,0,0,0,0,14199
2.29,60.8,60.0,0,0,0,1,0,0,1,0,0,0,0,0,0,0,0,0,1,0,0,0,18823
2.45,63.5,58.0,0,0,1,0,0,0,0,1,0,0,0,0,0,0,0,1,0,0,0,0,11830
2.22,61.8,59.0,0,0,0,0,1,1,0,0,0,0,0,0,1,0,0,0,0,0,0,0,16689
2.18,62.9,59.0,0,0,1,0,0,1,0,0,0,0,0,0,0,1,0,0,0,0,0,0,13812
2.22,60.9,57.0,0,0,0,0,1,0,0,0,1,0,0,0,0,0,0,1,0,0,0,0,15584
2.02,62.6,58.0,0,0,1,0,0,1,0,0,0,0,0,0,0,0,0,0,1,0,0,0,13499
2.04,60.8,58.0,0,0,0,1,0,0,0,1,0,0,0,0,0,0,0,1,0,0,0,0,14945
2.07,62.3,59.0,0,0,0,0,1,0,0,1,0,0,0,0,0,0,0,1,0,0,0,0,15036
2.15,61.8,57.0,0,0,0,0,1,0,0,1,0,0,0,0,0,0,0,1,0,0,0,0,17219
2.3,62.6,54.0,0,0,0,0,1,0,0,1,0,0,0,0,0,0,0,1,0,0,0,0,18108
2.02,63.1,54.0,0,0,1,0,0,0,0,1,0,0,0,0,0,0,0,1,0,0,0,0,13655
2.01,61.0,54.0,0,0,0,0,1,0,0,0,1,0,0,0,0,0,0,1,0,0,0,0,16922
2.17,59.3,61.0,0,0,0,1,0,0,0,0,0,1,0,0,0,0,0,1,0,0,0,0,13084
2.09,63.4,55.0,0,0,1,0,0,0,0,0,0,1,0,0,0,0,0,1,0,0,0,0,18640
2.07,61.9,55.0,0,0,0,0,1,0,0,1,0,0,0,0,0,0,0,1,0,0,0,0,15475
2.2,59.9,57.0,0,0,0,0,1,0,0,0,1,0,0,0,0,0,0,1,0,0,0,0,14691
2.11,63.8,54.0,0,0,1,0,0,0,1,0,0,0,0,0,0,0,0,1,0,0,0,0,12937
2.72,59.6,55.0,0,0,0,0,1,0,0,1,0,0,0,0,0,0,0,0,0,0,0,1,11594
2.07,61.3,56.0,0,0,1,0,0,1,0,0,0,0,0,0,0,0,0,0,1,0,0,0,13495
2.0,60.7,60.0,0,0,0,1,0,0,1,0,0,0,0,0,0,0,0,0,1,0,0,0,16694
2.02,61.4,57.0,0,0,0,1,0,0,1,0,0,0,0,0,0,0,0,1,0,0,0,0,13642
2.03,61.7,61.0,0,0,0,1,0,1,0,0,0,0,0,0,0,0,0,1,0,0,0,0,12078
2.01,59.6,60.0,0,0,1,0,0,0,1,0,0,0,0,0,0,0,0,0,1,0,0,0,16304
2.01,60.6,59.0,0,0,1,0,0,0,0,0,0,0,1,0,0,0,0,1,0,0,0,0,17118
2.0,66.1,57.0,1,0,0,0,0,0,0,0,0,1,0,0,0,0,0,0,0,0,0,1,6532
2.0,61.7,56.0,0,0,0,0,1,0,1,0,0,0,0,0,0,0,0,1,0,0,0,0,15092
2.51,63.6,58.0,0,0,1,0,0,0,0,1,0,0,0,0,0,0,0,1,0,0,0,0,18029
2.04,60.7,62.0,0,0,0,1,0,0,0,0,1,0,0,0,0,1,0,0,0,0,0,0,15217
2.04,60.8,58.0,0,0,1,0,0,0,0,1,0,0,0,0,0,0,0,1,0,0,0,0,14810
2.1,64.6,58.0,1,0,0,0,0,0,0,0,1,0,0,0,0,0,0,0,0,0,0,1,6597
2.52,62.4,57.0,0,0,0,1,0,0,0,1,0,0,0,0,0,0,0,1,0,0,0,0,17522
2.27,63.0,54.0,0,0,0,0,1,0,1,0,0,0,0,0,0,0,0,1,0,0,0,0,15710
2.03,62.6,55.0,0,0,0,0,1,1,0,0,0,0,0,0,0,1,0,0,0,0,0,0,13357
2.02,61.1,58.0,0,0,1,0,0,0,0,1,0,0,0,0,0,1,0,0,0,0,0,0,18236
2.01,63.3,60.0,0,0,1,0,0,0,0,1,0,0,0,0,0,0,0,1,0,0,0,0,10772
2.0,63.6,62.0,0,1,0,0,0,1,0,0,0,0,0,0,0,0,0,0,0,0,0,1,6521
2.01,66.1,53.0,1,0,0,0,0,0,0,1,0,0,0,0,0,0,0,0,1,0,0,0,15888
2.27,59.3,61.0,0,1,0,0,0,1,0,0,0,0,0,0,1,0,0,0,0,0,0,0,17051
2.03,62.1,56.0,0,0,0,1,0,0,0,1,0,0,0,0,0,0,0,0,1,0,0,0,18139
2.0,61.4,57.0,0,0,0,0,1,0,1,0,0,0,0,0,0,1,0,0,0,0,0,0,16407
2.0,61.9,60.0,0,0,1,0,0,1,0,0,0,0,0,0,0,0,0,0,1,0,0,0,14403
2.2,61.2,59.0,0,0,0,1,0,0,0,1,0,0,0,0,0,1,0,0,0,0,0,0,17265
2.15,62.2,56.0,0,0,0,1,0,0,0,1,0,0,0,0,0,0,0,1,0,0,0,0,12458
2.06,62.6,58.0,0,0,0,1,0,0,0,1,0,0,0,0,0,0,0,1,0,0,0,0,12677
2.51,62.0,57.0,0,0,0,0,1,0,0,1,0,0,0,0,0,0,0,1,0,0,0,0,17162
2.0,61.8,57.0,0,0,0,0,1,0,0,1,0,0,0,0,0,1,0,0,0,0,0,0,18062
2.0,61.0,57.0,0,0,1,0,0,0,0,1,0,0,0,0,0,0,0,1,0,0,0,0,14340
2.03,59.9,57.0,0,0,1,0,0,0,1,0,0,0,0,0,0,0,0,0,1,0,0,0,17297
2.01,62.5,62.0,0,0,0,1,0,0,0,1,0,0,0,0,0,0,0,1,0,0,0,0,11825
2.07,60.7,59.0,0,0,0,1,0,0,0,0,0,1,0,0,0,0,0,1,0,0,0,0,18611
2.2,61.7,59.0,0,0,0,1,0,1,0,0,0,0,0,0,1,0,0,0,0,0,0,0,15201
2.06,58.7,61.0,0,0,1,0,0,0,0,0,0,1,0,0,0,0,0,0,0,0,0,1,9789
2.01,62.3,59.0,0,0,0,1,0,1,0,0,0,0,0,0,0,1,0,0,0,0,0,0,12048
2.21,61.9,56.0,0,0,0,0,1,0,0,1,0,0,0,0,0,0,0,1,0,0,0,0,13615
2.04,60.7,61.0,0,0,0,1,0,0,0,1,0,0,0,0,1,0,0,0,0,0,0,0,18104
2.02,61.9,61.0,0,1,0,0,0,0,0,0,0,1,0,0,0,0,0,1,0,0,0,0,15261
2.25,60.7,56.0,0,0,0,0,1,0,1,0,0,0,0,0,0,0,0,1,0,0,0,0,11104
2.05,60.0,58.0,0,0,0,1,0,0,0,0,0,0,0,1,0,0,0,1,0,0,0,0,12891
2.01,63.1,56.0,0,0,1,0,0,0,0,1,0,0,0,0,0,1,0,0,0,0,0,0,11825
2.01,59.0,64.0,0,1,0,0,0,0,1,0,0,0,0,0,0,0,0,0,1,0,0,0,11115
2.0,63.0,59.0,0,0,1,0,0,1,0,0,0,0,0,0,0,0,1,0,0,0,0,0,15076
2.03,62.6,59.0,0,0,0,1,0,0,0,1,0,0,0,0,0,0,0,0,1,0,0,0,18139
2.01,62.2,56.0,0,0,0,0,1,0,0,0,1,0,0,0,0,1,0,0,0,0,0,0,18741
2.03,61.7,59.0,0,0,0,1,0,0,0,1,0,0,0,0,0,1,0,0,0,0,0,0,16900
2.01,64.4,61.0,1,0,0,0,0,1,0,0,0,0,0,0,0,1,0,0,0,0,0,0,11212
2.04,65.4,55.0,1,0,0,0,0,0,0,0,0,0,1,0,0,0,0,1,0,0,0,0,12799
2.0,62.4,55.0,0,0,0,0,1,0,0,1,0,0,0,0,0,0,0,0,1,0,0,0,15451
2.11,60.9,59.0,0,0,0,1,0,0,0,1,0,0,0,0,0,0,0,1,0,0,0,0,12633
2.1,59.9,61.0,0,0,1,0,0,0,1,0,0,0,0,0,0,1,0,0,0,0,0,0,15474
2.01,62.1,56.0,0,0,0,1,0,0,1,0,0,0,0,0,0,0,0,1,0,0,0,0,14428
2.5,59.9,60.0,0,0,0,1,0,0,0,1,0,0,0,0,0,0,0,0,0,0,0,1,8467
2.0,55.3,65.0,1,0,0,0,0,0,0,1,0,0,0,0,0,0,0,1,0,0,0,0,11202
2.16,61.9,57.0,0,0,0,0,1,0,0,1,0,0,0,0,0,1,0,0,0,0,0,0,17820
2.06,62.3,57.0,0,0,0,0,1,0,1,0,0,0,0,0,0,0,0,1,0,0,0,0,14428
2.01,65.8,63.0,1,0,0,0,0,0,0,1,0,0,0,0,0,0,0,1,0,0,0,0,13587
2.53,59.6,59.0,0,0,0,1,0,0,0,1,0,0,0,0,0,0,0,1,0,0,0,0,17591
2.16,62.6,55.0,0,0,1,0,0,0,0,0,1,0,0,0,0,0,0,1,0,0,0,0,15166
2.74,63.3,58.0,0,0,1,0,0,0,0,1,0,0,0,0,0,0,0,1,0,0,0,0,17184
2.03,61.4,58.0,0,0,0,0,1,0,0,0,0,1,0,0,0,0,0,1,0,0,0,0,18535
2.08,62.0,56.0,0,0,0,0,1,0,1,0,0,0,0,0,0,0,0,1,0,0,0,0,11886
2.01,59.5,60.0,0,0,0,1,0,0,1,0,0,0,0,0,0,0,0,0,1,0,0,0,13003
2.07,61.1,58.0,0,0,0,1,0,0,0,1,0,0,0,0,0,1,0,0,0,0,0,0,13844
2.0,62.9,56.0,0,0,0,0,1,0,0,0,0,1,0,0,0,0,0,1,0,0,0,0,17534
2.01,63.8,55.0,0,1,0,0,0,0,0,0,0,0,1,0,0,1,0,0,0,0,0,0,15093
2.01,59.6,62.0,0,0,1,0,0,0,1,0,0,0,0,0,0,0,0,0,1,0,0,0,15919
2.06,64.1,56.0,0,1,0,0,0,1,0,0,0,0,0,0,0,1,0,0,0,0,0,0,11854
2.0,63.3,59.0,0,1,0,0,0,0,0,1,0,0,0,0,0,1,0,0,0,0,0,0,17600
2.0,59.8,60.0,0,0,1,0,0,1,0,0,0,0,0,0,0,0,0,1,0,0,0,0,11792
2.72,68.2,56.0,1,0,0,0,0,1,0,0,0,0,0,0,0,0,0,0,0,0,0,1,6870
2.01,61.8,60.0,0,0,0,1,0,0,0,0,1,0,0,0,0,1,0,0,0,0,0,0,18077
2.01,62.3,60.0,0,0,0,1,0,0,0,1,0,0,0,0,0,0,0,1,0,0,0,0,14558
2.18,61.0,60.0,0,0,1,0,0,0,0,0,1,0,0,0,0,0,0,1,0,0,0,0,17475
2.03,59.6,61.0,0,1,0,0,0,0,0,1,0,0,0,0,0,0,0,1,0,0,0,0,14720
2.3,61.8,57.0,0,0,0,0,1,0,1,0,0,0,0,0,0,0,0,1,0,0,0,0,16181
2.01,62.1,56.0,0,0,0,0,1,0,0,1,0,0,0,0,0,1,0,0,0,0,0,0,14725
2.0,61.8,57.0,0,0,0,0,1,0,0,1,0,0,0,0,0,1,0,0,0,0,0,0,12654
2.03,60.9,60.0,0,0,0,1,0,1,0,0,0,0,0,0,0,0,0,1,0,0,0,0,12078
2.08,60.3,59.0,0,0,0,1,0,1,0,0,0,0,0,0,0,0,0,0,1,0,0,0,14933
2.03,65.4,58.0,1,0,0,0,0,0,0,1,0,0,0,0,0,1,0,0,0,0,0,0,14646
2.0,60.9,54.0,0,0,0,1,0,1,0,0,0,0,0,0,0,0,0,1,0,0,0,0,11106
2.01,61.7,59.0,0,0,1,0,0,1,0,0,0,0,0,0,0,1,0,0,0,0,0,0,14125
2.08,62.2,60.0,0,0,0,1,0,0,0,0,1,0,0,0,0,0,0,1,0,0,0,0,12883
2.01,62.2,57.0,0,0,0,0,1,0,0,0,0,0,1,0,0,0,0,1,0,0,0,0,17688
2.01,60.1,61.0,0,0,0,1,0,0,0,1,0,0,0,0,0,0,0,0,1,0,0,0,17068
2.05,60.3,59.0,0,0,0,1,0,0,1,0,0,0,0,0,1,0,0,0,0,0,0,0,12766
2.01,59.8,57.0,0,0,0,1,0,1,0,0,0,0,0,0,0,1,0,0,0,0,0,0,10412
2.06,60.0,60.0,0,0,0,1,0,0,0,1,0,0,0,0,0,0,0,1,0,0,0,0,16098
2.06,60.8,60.0,0,0,0,1,0,0,1,0,0,0,0,0,0,1,0,0,0,0,0,0,15716
2.11,61.0,58.0,0,0,0,1,0,1,0,0,0,0,0,0,0,0,0,1,0,0,0,0,12440
2.02,62.5,59.0,0,0,0,1,0,0,1,0,0,0,0,0,0,1,0,0,0,0,0,0,16191
2.17,60.4,56.0,0,0,0,0,1,0,1,0,0,0,0,0,0,1,0,0,0,0,0,0,17381
2.5,66.9,58.0,1,0,0,0,0,1,0,0,0,0,0,0,0,0,0,1,0,0,0,0,14652
2.04,59.3,61.0,0,0,0,1,0,0,1,0,0,0,0,0,0,0,0,0,0,0,0,1,8408
2.01,61.0,60.0,0,0,0,1,0,0,1,0,0,0,0,0,0,1,0,0,0,0,0,0,12617
2.01,64.6,57.0,0,1,0,0,0,0,1,0,0,0,0,0,0,0,0,1,0,0,0,0,12681
2.01,62.6,58.0,0,0,0,1,0,0,0,0,0,0,1,0,0,0,0,1,0,0,0,0,14502
2.18,63.3,58.0,0,0,1,0,0,0,1,0,0,0,0,0,0,0,0,1,0,0,0,0,12220
2.32,60.6,58.0,0,0,1,0,0,0,0,1,0,0,0,0,0,0,0,1,0,0,0,0,18508
2.08,62.8,60.0,0,0,0,1,0,0,0,1,0,0,0,0,0,0,0,1,0,0,0,0,12655
2.18,61.9,60.0,0,0,0,1,0,0,0,0,1,0,0,0,0,0,0,1,0,0,0,0,18003
2.14,62.1,58.0,0,0,0,1,0,0,1,0,0,0,0,0,0,0,0,1,0,0,0,0,12970
2.03,61.4,59.0,0,0,1,0,0,0,1,0,0,0,0,0,0,0,0,0,1,0,0,0,15826
2.22,62.7,61.0,0,0,0,0,1,0,1,0,0,0,0,0,0,0,0,1,0,0,0,0,14416
2.01,62.2,56.0,0,0,0,0,1,0,0,1,0,0,0,0,0,1,0,0,0,0,0,0,18252
2.01,65.1,56.0,0,0,0,0,1,0,0,1,0,0,0,0,0,1,0,0,0,0,0,0,16733
2.01,64.1,57.0,0,0,1,0,0,0,1,0,0,0,0,0,0,1,0,0,0,0,0,0,15145
2.02,61.0,62.0,0,1,0,0,0,0,1,0,0,0,0,0,0,0,0,1,0,0,0,0,12927
2.21,61.3,60.0,0,0,0,1,0,0,0,1,0,0,0,0,0,0,0,1,0,0,0,0,14032
2.2,58.2,59.0,0,0,0,1,0,0,0,1,0,0,0,0,0,0,0,1,0,0,0,0,11147
2.14,60.4,59.0,0,0,0,1,0,0,0,0,1,0,0,0,0,0,0,1,0,0,0,0,17673
2.17,62.1,57.0,0,0,0,0,1,0,1,0,0,0,0,0,0,1,0,0,0,0,0,0,16716
2.07,61.2,58.0,0,0,0,1,0,0,1,0,0,0,0,0,0,0,0,0,1,0,0,0,18193
2.25,61.8,61.0,0,0,0,1,0,1,0,0,0,0,0,0,0,1,0,0,0,0,0,0,16004
2.29,57.0,66.0,1,0,0,0,0,1,0,0,0,0,0,0,0,0,0,0,1,0,0,0,13701
2.35,59.9,58.0,0,0,0,1,0,0,1,0,0,0,0,0,0,0,0,1,0,0,0,0,17294
2.0,62.6,56.0,0,0,1,0,0,0,0,1,0,0,0,0,0,0,0,1,0,0,0,0,15446
2.01,61.3,61.0,0,0,0,1,0,0,0,0,0,1,0,0,0,0,0,1,0,0,0,0,17746
2.0,61.3,59.0,0,0,0,1,0,0,1,0,0,0,0,0,0,0,0,1,0,0,0,0,14208
2.01,62.9,62.0,0,0,0,1,0,0,1,0,0,0,0,0,1,0,0,0,0,0,0,0,17068
2.01,60.1,59.0,0,0,0,1,0,1,0,0,0,0,0,0,1,0,0,0,0,0,0,0,15185
2.04,67.4,56.0,1,0,0,0,0,0,0,0,0,0,1,0,0,0,0,1,0,0,0,0,12454
2.01,62.8,57.0,0,0,0,0,1,0,0,1,0,0,0,0,0,0,0,1,0,0,0,0,14364
2.03,59.8,59.0,0,0,0,1,0,0,1,0,0,0,0,0,0,1,0,0,0,0,0,0,12844
2.01,63.6,57.0,0,1,0,0,0,0,1,0,0,0,0,0,0,0,0,0,1,0,0,0,16003
2.01,63.6,59.0,0,1,0,0,0,0,0,0,1,0,0,0,0,0,0,1,0,0,0,0,15977
2.02,62.3,58.0,0,0,1,0,0,0,0,1,0,0,0,0,0,0,0,1,0,0,0,0,15064
2.0,59.8,59.0,0,0,1,0,0,0,1,0,0,0,0,0,0,1,0,0,0,0,0,0,15053
2.21,62.4,60.0,0,0,0,1,0,0,0,0,1,0,0,0,0,0,0,1,0,0,0,0,17525
2.22,62.8,57.0,0,0,1,0,0,1,0,0,0,0,0,0,0,0,0,1,0,0,0,0,13579
2.04,60.3,59.0,0,0,1,0,0,0,1,0,0,0,0,0,0,0,0,0,1,0,0,0,17315
2.02,63.0,59.0,0,0,0,1,0,0,0,0,1,0,0,0,0,0,0,1,0,0,0,0,15014
2.1,61.6,57.0,0,0,0,0,1,0,1,0,0,0,0,0,0,1,0,0,0,0,0,0,12168
2.01,60.3,62.0,0,0,0,1,0,0,1,0,0,0,0,0,0,0,0,0,1,0,0,0,15939
2.02,60.5,62.0,0,0,0,1,0,0,1,0,0,0,0,0,1,0,0,0,0,0,0,0,14238
2.16,58.5,60.0,0,0,1,0,0,0,1,0,0,0,0,0,0,1,0,0,0,0,0,0,17772
2.04,62.5,61.0,0,0,1,0,0,0,0,1,0,0,0,0,0,1,0,0,0,0,0,0,17952
2.03,64.9,59.0,1,0,0,0,0,0,0,0,1,0,0,0,0,0,0,1,0,0,0,0,14687
2.0,61.2,50.0,1,0,0,0,0,0,0,1,0,0,0,0,0,1,0,0,0,0,0,0,13764
2.0,65.1,56.0,1,0,0,0,0,0,0,1,0,0,0,0,0,1,0,0,0,0,0,0,14430
2.01,59.2,60.0,0,0,0,1,0,0,1,0,0,0,0,0,0,0,0,1,0,0,0,0,13574
3.01,60.7,59.0,0,0,0,1,0,1,0,0,0,0,0,0,0,0,0,1,0,0,0,0,18710
2.05,61.4,59.0,0,0,0,0,1,1,0,0,0,0,0,0,1,0,0,0,0,0,0,0,16793
2.0,62.6,56.0,0,0,0,1,0,0,0,1,0,0,0,0,0,1,0,0,0,0,0,0,17760
2.04,62.2,57.0,0,0,0,1,0,0,1,0,0,0,0,0,0,1,0,0,0,0,0,0,16942
2.49,63.8,54.0,0,0,0,0,1,1,0,0,0,0,0,0,0,1,0,0,0,0,0,0,16915
2.28,62.1,59.0,0,0,0,1,0,0,0,1,0,0,0,0,0,0,0,1,0,0,0,0,18055
2.14,60.1,58.0,0,0,0,1,0,0,0,0,1,0,0,0,0,0,0,1,0,0,0,0,12792
2.6,58.3,61.0,0,0,0,1,0,1,0,0,0,0,0,0,0,0,0,1,0,0,0,0,17209
2.08,61.7,58.0,0,0,0,0,1,0,0,1,0,0,0,0,0,1,0,0,0,0,0,0,17469
2.01,63.1,59.0,0,0,1,0,0,0,0,0,1,0,0,0,0,1,0,0,0,0,0,0,18741
2.04,62.0,56.0,0,0,0,0,1,0,0,1,0,0,0,0,0,0,0,1,0,0,0,0,16319
2.08,60.0,60.0,0,0,0,1,0,0,0,1,0,0,0,0,0,0,0,1,0,0,0,0,11851
2.09,61.4,56.0,0,0,0,0,1,0,1,0,0,0,0,0,0,1,0,0,0,0,0,0,16704
2.0,59.5,62.0,0,0,1,0,0,0,1,0,0,0,0,0,0,0,0,0,1,0,0,0,15510
2.0,62.2,56.0,0,0,0,1,0,0,0,0,0,0,1,0,0,0,0,1,0,0,0,0,17760
2.12,62.3,58.0,0,0,0,1,0,0,0,1,0,0,0,0,0,0,0,1,0,0,0,0,12693
2.5,64.9,58.0,1,0,0,0,0,0,0,1,0,0,0,0,0,0,0,1,0,0,0,0,13278
2.3,62.4,56.0,0,0,0,0,1,1,0,0,0,0,0,0,0,0,0,0,1,0,0,0,16062
2.16,61.4,55.0,0,0,0,0,1,1,0,0,0,0,0,0,1,0,0,0,0,0,0,0,18462
2.43,64.5,57.0,1,0,0,0,0,0,0,0,1,0,0,0,0,0,0,1,0,0,0,0,14975
2.0,62.0,56.0,0,0,0,1,0,0,0,1,0,0,0,0,0,1,0,0,0,0,0,0,15096
2.0,61.6,57.0,0,0,0,0,1,0,0,0,0,1,0,0,0,0,0,1,0,0,0,0,13351
2.01,60.6,59.0,0,0,0,1,0,0,0,1,0,0,0,0,0,1,0,0,0,0,0,0,13387
2.0,65.3,55.0,1,0,0,0,0,0,0,1,0,0,0,0,0,0,0,1,0,0,0,0,10752
2.45,60.4,56.0,0,0,0,0,1,1,0,0,0,0,0,0,0,0,0,0,1,0,0,0,18113
3.24,62.1,58.0,0,0,0,1,0,0,0,1,0,0,0,0,0,0,0,0,0,0,0,1,12300
2.12,62.3,57.0,0,0,0,0,1,0,0,0,0,1,0,0,0,0,0,1,0,0,0,0,17730
2.23,60.5,61.0,0,0,1,0,0,1,0,0,0,0,0,0,0,0,0,1,0,0,0,0,12655
2.02,57.9,62.0,0,1,0,0,0,0,1,0,0,0,0,0,0,0,0,0,1,0,0,0,16593
2.0,61.5,59.0,0,0,0,1,0,1,0,0,0,0,0,0,0,0,0,0,1,0,0,0,13552
2.0,60.7,60.0,0,0,1,0,0,1,0,0,0,0,0,0,0,0,0,0,1,0,0,0,13542
2.18,62.0,57.0,0,0,0,0,1,0,1,0,0,0,0,0,0,0,0,0,1,0,0,0,13769
2.01,58.2,62.0,0,0,0,1,0,0,0,1,0,0,0,0,0,1,0,0,0,0,0,0,16287
2.2,60.5,55.0,0,0,0,1,0,0,0,0,1,0,0,0,0,1,0,0,0,0,0,0,18193
2.09,61.2,57.0,0,0,0,0,1,0,1,0,0,0,0,0,0,0,0,1,0,0,0,0,13933
2.55,62.9,58.0,0,0,0,1,0,0,1,0,0,0,0,0,0,0,0,1,0,0,0,0,14351
2.01,63.5,60.0,0,0,1,0,0,0,0,0,1,0,0,0,0,1,0,0,0,0,0,0,15038
2.14,58.4,58.0,0,0,0,1,0,1,0,0,0,0,0,0,0,0,0,1,0,0,0,0,10306
2.0,64.2,61.0,0,1,0,0,0,1,0,0,0,0,0,0,0,1,0,0,0,0,0,0,11988
2.0,64.2,59.0,0,1,0,0,0,0,0,0,1,0,0,0,0,1,0,0,0,0,0,0,17902
2.53,61.5,53.0,0,0,0,0,1,1,0,0,0,0,0,0,0,0,0,1,0,0,0,0,15993
2.21,61.1,58.0,0,0,0,1,0,0,0,1,0,0,0,0,0,1,0,0,0,0,0,0,13983
2.03,62.2,54.0,0,0,1,0,0,0,1,0,0,0,0,0,0,0,0,1,0,0,0,0,14239
2.01,62.1,60.0,0,0,1,0,0,1,0,0,0,0,0,0,0,0,0,0,1,0,0,0,12683
2.0,63.9,58.0,0,1,0,0,0,0,0,0,1,0,0,0,0,0,0,0,0,0,0,1,6854
2.02,58.8,61.0,0,1,0,0,0,0,0,0,0,0,1,0,0,0,0,1,0,0,0,0,18236
2.43,62.2,57.0,0,0,0,1,0,1,0,0,0,0,0,0,0,0,0,0,1,0,0,0,18692
2.1,63.0,57.0,0,0,0,0,1,0,0,1,0,0,0,0,0,0,0,1,0,0,0,0,16629
2.18,62.5,55.0,0,0,0,0,1,0,1,0,0,0,0,0,0,0,0,1,0,0,0,0,15850
2.06,63.7,57.0,0,1,0,0,0,0,0,1,0,0,0,0,0,0,0,1,0,0,0,0,16512
2.01,60.5,59.0,0,0,1,0,0,0,1,0,0,0,0,0,0,0,0,1,0,0,0,0,14637
2.15,62.4,60.0,0,0,0,1,0,1,0,0,0,0,0,0,0,1,0,0,0,0,0,0,13746
2.01,61.9,57.0,0,0,0,0,1,0,0,0,1,0,0,0,0,0,0,1,0,0,0,0,17555
2.11,62.4,61.0,0,0,1,0,0,0,0,0,0,0,1,0,0,0,0,1,0,0,0,0,17871
2.01,57.8,60.0,0,1,0,0,0,0,0,1,0,0,0,0,0,0,0,0,1,0,0,0,18561
2.07,63.5,53.0,0,0,0,0,1,0,0,1,0,0,0,0,0,0,0,1,0,0,0,0,18198
2.11,60.0,56.0,0,0,0,0,1,0,0,1,0,0,0,0,0,0,0,1,0,0,0,0,12226
2.0,58.1,64.0,0,1,0,0,0,0,0,0,1,0,0,0,0,0,0,1,0,0,0,0,11041
2.01,66.9,57.0,1,0,0,0,0,0,0,0,0,0,0,1,0,0,0,1,0,0,0,0,16086
2.4,63.8,58.0,0,0,0,0,1,0,1,0,0,0,0,0,0,0,0,1,0,0,0,0,17039
2.22,66.7,56.0,1,0,0,0,0,1,0,0,0,0,0,0,0,0,0,0,0,0,0,1,5607
2.12,62.3,61.0,0,0,0,1,0,1,0,0,0,0,0,0,0,0,0,1,0,0,0,0,12140
2.12,62.3,61.0,0,0,1,0,0,1,0,0,0,0,0,0,0,0,0,1,0,0,0,0,12030
2.12,58.3,59.0,0,0,0,1,0,0,0,0,0,0,1,0,0,0,0,1,0,0,0,0,18120
2.0,62.7,56.0,0,0,1,0,0,0,0,1,0,0,0,0,0,1,0,0,0,0,0,0,17247
2.13,62.2,55.0,0,0,0,0,1,0,0,1,0,0,0,0,0,1,0,0,0,0,0,0,18275
2.12,62.9,55.0,0,0,0,0,1,0,0,0,0,0,0,1,0,0,0,1,0,0,0,0,12707
2.02,61.6,58.0,0,0,0,1,0,1,0,0,0,0,0,0,0,1,0,0,0,0,0,0,12431
2.05,62.8,56.0,0,0,1,0,0,0,1,0,0,0,0,0,0,0,0,1,0,0,0,0,14071
2.0,59.7,62.0,0,0,0,1,0,0,0,1,0,0,0,0,0,0,0,0,0,0,0,1,6344
2.04,66.6,56.0,1,0,0,0,0,0,1,0,0,0,0,0,0,0,0,1,0,0,0,0,9802
2.0,67.7,57.0,1,0,0,0,0,0,1,0,0,0,0,0,0,0,0,1,0,0,0,0,10483
2.0,62.3,56.0,0,0,0,0,1,0,0,0,0,0,1,0,0,0,0,1,0,0,0,0,12210
2.02,62.3,56.0,0,0,0,0,1,0,0,1,0,0,0,0,0,1,0,0,0,0,0,0,12332
2.01,61.4,60.0,0,0,0,1,0,1,0,0,0,0,0,0,0,0,0,1,0,0,0,0,12407
2.54,61.4,54.0,0,0,0,0,1,0,1,0,0,0,0,0,0,0,0,1,0,0,0,0,12687
2.1,60.7,61.0,0,0,0,1,0,0,1,0,0,0,0,0,0,0,0,0,1,0,0,0,14394
2.0,65.7,60.0,1,0,0,0,0,0,0,0,0,0,1,0,0,1,0,0,0,0,0,0,15330
2.09,61.2,57.0,0,0,0,0,1,0,1,0,0,0,0,0,0,0,0,1,0,0,0,0,13807
2.05,60.3,60.0,0,0,0,0,1,1,0,0,0,0,0,0,0,1,0,0,0,0,0,0,14037
2.14,61.5,58.0,0,0,0,1,0,0,0,0,0,0,1,0,0,0,0,1,0,0,0,0,18291
2.0,58.1,60.0,0,0,0,1,0,0,0,0,0,0,1,0,0,0,0,1,0,0,0,0,15984
2.05,61.6,59.0,0,0,0,1,0,0,0,0,1,0,0,0,0,1,0,0,0,0,0,0,15291
2.36,60.8,54.0,0,0,0,0,1,0,1,0,0,0,0,0,0,0,0,1,0,0,0,0,11238
2.04,62.6,55.0,0,0,0,0,1,1,0,0,0,0,0,0,0,1,0,0,0,0,0,0,12696
2.01,63.3,58.0,0,0,1,0,0,0,0,0,1,0,0,0,0,0,0,1,0,0,0,0,15563
2.21,62.2,58.0,0,0,0,1,0,0,0,1,0,0,0,0,0,0,0,0,0,0,0,1,6535
2.01,62.3,58.0,0,0,0,1,0,0,0,1,0,0,0,0,0,0,0,1,0,0,0,0,15917
2.01,63.0,59.0,0,0,0,1,0,0,0,1,0,0,0,0,0,0,0,1,0,0,0,0,15917
2.16,62.3,57.0,0,0,0,1,0,0,0,1,0,0,0,0,0,0,0,1,0,0,0,0,11473
2.04,62.3,57.0,0,0,0,0,1,0,0,0,0,1,0,0,0,0,0,1,0,0,0,0,16261
2.11,63.2,57.0,0,0,1,0,0,0,0,0,1,0,0,0,0,0,0,0,0,0,0,1,7834
2.08,60.1,59.0,0,0,1,0,0,0,0,0,0,0,0,1,0,0,0,1,0,0,0,0,18405
2.02,60.9,60.0,0,0,0,0,1,0,1,0,0,0,0,0,0,0,0,1,0,0,0,0,14027
2.03,60.3,56.0,0,0,0,0,1,0,0,0,1,0,0,0,0,1,0,0,0,0,0,0,16224
2.31,61.1,60.0,0,0,0,1,0,1,0,0,0,0,0,0,0,1,0,0,0,0,0,0,15323
2.02,56.5,61.0,1,0,0,0,0,0,0,1,0,0,0,0,0,0,0,1,0,0,0,0,14080
2.01,57.6,60.0,0,1,0,0,0,0,0,1,0,0,0,0,0,0,0,1,0,0,0,0,12215
2.29,61.8,56.4,0,0,0,0,1,1,0,0,0,0,0,0,0,0,0,1,0,0,0,0,13726
2.01,61.4,54.0,0,0,0,0,1,0,0,0,1,0,0,0,0,0,0,0,1,0,0,0,18607
2.06,61.8,58.0,0,0,0,1,0,0,0,0,1,0,0,0,0,0,0,1,0,0,0,0,16587
2.04,61.1,61.0,0,0,0,1,0,0,1,0,0,0,0,0,0,0,0,0,0,0,0,1,7403
2.61,64.2,63.0,0,1,0,0,0,0,1,0,0,0,0,0,0,0,0,1,0,0,0,0,13784
2.3,62.2,60.0,0,0,0,0,1,0,1,0,0,0,0,0,0,1,0,0,0,0,0,0,17193
2.07,62.7,54.0,0,0,0,0,1,1,0,0,0,0,0,0,0,0,1,0,0,0,0,0,16769
2.18,60.3,57.0,0,0,0,0,1,1,0,0,0,0,0,0,0,0,0,0,1,0,0,0,16427
2.01,61.5,59.0,0,0,0,1,0,0,0,1,0,0,0,0,0,0,0,1,0,0,0,0,11635
2.04,62.7,56.0,0,0,0,1,0,0,0,1,0,0,0,0,0,0,0,1,0,0,0,0,15760
2.01,59.4,66.0,1,0,0,0,0,0,0,0,0,0,0,1,0,0,0,1,0,0,0,0,15627
2.14,61.5,58.0,0,0,1,0,0,0,0,0,0,0,1,0,0,0,0,1,0,0,0,0,18125
2.03,61.7,61.0,0,0,1,0,0,1,0,0,0,0,0,0,0,0,0,1,0,0,0,0,11968
2.01,63.0,60.0,0,1,0,0,0,0,0,0,1,0,0,0,0,0,0,1,0,0,0,0,14745
2.01,59.6,59.0,0,0,0,1,0,0,0,1,0,0,0,0,0,1,0,0,0,0,0,0,17458
2.05,59.7,59.0,0,0,0,1,0,0,0,0,0,0,1,0,0,0,0,1,0,0,0,0,17081
2.05,62.1,56.0,0,0,0,1,0,0,0,0,1,0,0,0,0,0,0,1,0,0,0,0,12857
2.02,60.1,59.0,0,0,0,1,0,0,0,0,1,0,0,0,0,0,0,1,0,0,0,0,17099
2.14,59.5,59.0,0,0,0,1,0,0,1,0,0,0,0,0,0,1,0,0,0,0,0,0,15499
2.02,62.7,59.0,0,0,1,0,0,0,0,0,0,1,0,0,0,1,0,0,0,0,0,0,17530
2.01,60.8,59.0,0,0,0,1,0,0,0,1,0,0,0,0,0,0,0,1,0,0,0,0,12423
2.05,62.5,56.0,0,0,0,1,0,0,0,0,0,0,1,0,0,0,0,1,0,0,0,0,17294
2.02,65.0,55.0,1,0,0,0,0,0,0,0,0,0,0,1,0,1,0,0,0,0,0,0,16386
2.2,62.4,55.0,0,0,0,1,0,0,1,0,0,0,0,0,0,0,0,1,0,0,0,0,16190
2.26,61.3,60.0,0,0,0,1,0,0,0,1,0,0,0,0,0,0,0,1,0,0,0,0,15428
2.01,58.2,61.0,0,0,0,1,0,0,1,0,0,0,0,0,0,0,0,1,0,0,0,0,13052
2.04,62.8,57.0,0,0,0,0,1,0,1,0,0,0,0,0,0,1,0,0,0,0,0,0,14775
2.51,60.6,61.0,0,0,0,1,0,0,0,1,0,0,0,0,0,0,0,1,0,0,0,0,14543
2.01,62.9,54.0,0,0,0,0,1,1,0,0,0,0,0,0,0,0,0,1,0,0,0,0,11011
2.0,67.6,58.0,1,0,0,0,0,0,0,0,1,0,0,0,0,0,0,0,1,0,0,0,18515
2.07,62.2,54.0,0,0,0,0,1,0,0,0,1,0,0,0,0,0,0,1,0,0,0,0,17614
2.01,60.5,60.0,0,0,0,1,0,1,0,0,0,0,0,0,0,0,0,0,1,0,0,0,13400
2.04,61.5,58.0,0,0,0,0,1,1,0,0,0,0,0,0,0,0,0,0,0,1,0,0,17327
2.0,59.1,59.0,0,0,0,1,0,0,0,0,1,0,0,0,0,0,0,1,0,0,0,0,12521
2.03,62.7,59.0,0,0,0,1,0,1,0,0,0,0,0,0,0,0,0,1,0,0,0,0,12531
2.02,61.2,58.0,0,0,0,1,0,0,1,0,0,0,0,0,0,0,0,1,0,0,0,0,13117
2.43,62.2,60.0,0,0,0,1,0,0,1,0,0,0,0,0,0,0,0,1,0,0,0,0,14727
2.13,61.5,57.0,0,0,1,0,0,0,0,0,1,0,0,0,0,0,0,1,0,0,0,0,15454
2.33,60.7,56.0,0,0,1,0,0,0,1,0,0,0,0,0,0,1,0,0,0,0,0,0,18119
2.0,59.8,60.0,0,0,0,1,0,0,0,1,0,0,0,0,0,1,0,0,0,0,0,0,14126
2.01,62.3,59.0,0,0,1,0,0,0,1,0,0,0,0,0,0,0,0,0,1,0,0,0,15965
2.01,58.7,54.0,0,0,0,1,0,0,0,0,0,0,1,0,0,0,0,1,0,0,0,0,16064
2.42,61.3,59.0,0,0,0,1,0,1,0,0,0,0,0,0,0,0,0,0,1,0,0,0,17168
2.02,62.1,57.0,0,0,0,0,1,0,0,1,0,0,0,0,0,0,0,1,0,0,0,0,10826
2.03,60.9,60.0,0,0,1,0,0,1,0,0,0,0,0,0,0,0,0,1,0,0,0,0,11968
2.0,63.6,60.0,0,1,0,0,0,0,1,0,0,0,0,0,0,0,0,0,1,0,0,0,16439
2.05,59.5,58.0,0,0,1,0,0,0,0,0,0,1,0,0,0,0,0,1,0,0,0,0,16819
2.4,62.0,55.0,0,0,0,0,1,0,0,1,0,0,0,0,0,0,0,1,0,0,0,0,18541
2.41,61.1,60.0,0,0,0,1,0,1,0,0,0,0,0,0,1,0,0,0,0,0,0,0,15320
2.01,65.5,56.0,1,0,0,0,0,0,0,0,0,0,1,0,0,0,0,1,0,0,0,0,11156
2.01,64.1,59.0,0,1,0,0,0,0,0,1,0,0,0,0,0,0,0,0,1,0,0,0,18474
2.0,62.9,56.0,0,0,0,0,1,0,0,1,0,0,0,0,0,1,0,0,0,0,0,0,13320
2.02,61.4,58.0,0,0,0,1,0,0,1,0,0,0,0,0,0,1,0,0,0,0,0,0,14240
2.1,64.7,61.0,1,0,0,0,0,0,0,0,0,1,0,0,0,0,0,1,0,0,0,0,15827
2.02,60.4,57.0,0,0,0,1,0,0,0,0,0,0,1,0,0,0,0,1,0,0,0,0,14574
2.03,63.0,61.0,0,0,1,0,0,0,0,0,0,0,1,0,0,0,0,1,0,0,0,0,15690
3.01,65.4,60.0,0,0,0,0,1,1,0,0,0,0,0,0,0,0,0,0,0,0,0,1,16538
2.07,64.5,60.0,1,0,0,0,0,0,0,0,0,0,0,1,0,0,0,1,0,0,0,0,13016
2.04,62.4,57.0,0,0,1,0,0,1,0,0,0,0,0,0,0,0,0,0,1,0,0,0,13825
2.0,62.9,59.2,0,0,1,0,0,0,1,0,0,0,0,0,0,1,0,0,0,0,0,0,15081
2.01,59.4,58.0,0,0,0,1,0,0,0,0,1,0,0,0,0,0,0,1,0,0,0,0,15562
2.28,62.0,55.0,0,0,0,0,1,0,0,0,0,0,1,0,0,0,0,1,0,0,0,0,16969
2.24,61.9,58.0,0,0,0,1,0,0,1,0,0,0,0,0,0,0,0,1,0,0,0,0,15515
2.01,61.4,59.0,0,0,0,0,1,0,1,0,0,0,0,0,1,0,0,0,0,0,0,0,17227
2.26,56.9,60.0,0,1,0,0,0,0,1,0,0,0,0,0,0,0,0,1,0,0,0,0,16241
2.02,62.1,56.0,0,0,0,0,1,0,1,0,0,0,0,0,1,0,0,0,0,0,0,0,18324
2.0,63.5,55.0,0,0,1,0,0,0,0,0,1,0,0,0,0,0,0,1,0,0,0,0,15485
2.03,56.8,61.0,0,0,1,0,0,0,0,1,0,0,0,0,0,0,0,1,0,0,0,0,16442
2.01,64.1,57.0,0,1,0,0,0,0,0,0,0,1,0,0,0,0,0,1,0,0,0,0,16085
2.01,60.8,57.0,0,0,0,0,1,1,0,0,0,0,0,0,0,0,0,1,0,0,0,0,13253
2.0,63.5,59.0,0,0,1,0,0,0,0,0,0,0,1,0,0,0,0,1,0,0,0,0,15864
2.04,58.0,58.0,0,0,0,1,0,0,0,1,0,0,0,0,0,0,0,1,0,0,0,0,11820
2.02,59.6,60.0,0,0,0,1,0,0,1,0,0,0,0,0,0,0,0,0,1,0,0,0,16861
2.02,63.5,60.0,0,1,0,0,0,1,0,0,0,0,0,0,0,1,0,0,0,0,0,0,12798
2.08,59.7,59.0,0,0,0,1,0,0,0,1,0,0,0,0,0,0,0,1,0,0,0,0,12454
2.06,61.0,61.0,0,0,0,1,0,0,1,0,0,0,0,0,0,0,0,1,0,0,0,0,13912
2.05,60.2,58.0,0,0,0,1,0,0,0,1,0,0,0,0,0,1,0,0,0,0,0,0,17521
2.03,62.3,56.0,0,0,0,0,1,0,0,0,0,0,1,0,0,0,0,1,0,0,0,0,14308
2.01,66.7,56.0,1,0,0,0,0,0,0,1,0,0,0,0,0,0,0,1,0,0,0,0,10772
2.1,60.4,59.0,0,0,0,1,0,0,0,1,0,0,0,0,0,0,0,1,0,0,0,0,16629
2.02,61.3,57.0,0,0,0,0,1,0,0,0,0,1,0,0,0,0,0,1,0,0,0,0,16290
2.16,62.0,56.0,0,0,0,0,1,0,1,0,0,0,0,0,0,1,0,0,0,0,0,0,18029
2.01,61.2,60.0,0,0,1,0,0,1,0,0,0,0,0,0,1,0,0,0,0,0,0,0,14812
2.09,61.7,59.0,0,0,0,1,0,0,0,0,0,1,0,0,0,0,0,1,0,0,0,0,17840
2.03,60.1,58.0,0,0,0,1,0,1,0,0,0,0,0,0,0,1,0,0,0,0,0,0,12492
2.14,57.5,60.0,0,1,0,0,0,0,0,1,0,0,0,0,0,1,0,0,0,0,0,0,14395
2.0,58.5,61.0,0,0,0,1,0,0,1,0,0,0,0,0,0,0,0,0,1,0,0,0,14763
2.03,64.4,59.0,1,0,0,0,0,0,0,1,0,0,0,0,0,0,0,0,0,0,0,1,6002
2.04,62.7,60.0,0,0,0,1,0,0,0,0,0,0,1,0,0,0,0,1,0,0,0,0,15398
2.01,67.4,58.0,1,0,0,0,0,0,1,0,0,0,0,0,0,0,0,0,0,0,0,1,5696
2.3,62.6,57.0,0,0,0,0,1,0,0,1,0,0,0,0,0,0,0,1,0,0,0,0,14215
2.32,59.0,59.0,0,0,0,1,0,1,0,0,0,0,0,0,0,0,0,1,0,0,0,0,14666
2.15,61.5,60.0,0,0,0,0,1,0,0,1,0,0,0,0,0,1,0,0,0,0,0,0,18470
2.06,59.8,61.0,0,0,0,1,0,0,0,0,1,0,0,0,0,0,0,1,0,0,0,0,15949
2.02,59.8,58.0,0,0,0,1,0,0,0,0,0,0,1,0,0,0,0,1,0,0,0,0,17825
3.0,63.1,55.0,0,0,1,0,0,0,0,1,0,0,0,0,0,0,0,0,0,0,0,1,6512
2.0,57.6,63.0,0,1,0,0,0,0,0,0,0,0,1,0,0,0,0,1,0,0,0,0,16206
2.0,65.2,55.0,1,0,0,0,0,0,0,1,0,0,0,0,0,0,0,1,0,0,0,0,11600
2.06,62.4,59.0,0,0,0,1,0,0,0,1,0,0,0,0,0,1,0,0,0,0,0,0,14863
2.05,61.9,57.0,0,0,0,0,1,0,0,1,0,0,0,0,0,1,0,0,0,0,0,0,17006
2.28,62.9,57.0,0,0,0,0,1,0,1,0,0,0,0,0,0,0,0,1,0,0,0,0,16187
2.21,62.0,57.0,0,0,0,0,1,0,0,0,0,0,0,1,0,0,0,1,0,0,0,0,16558
2.0,62.4,54.0,0,0,0,0,1,1,0,0,0,0,0,0,0,1,0,0,0,0,0,0,12433
2.04,59.3,61.0,0,0,1,0,0,0,1,0,0,0,0,0,0,0,0,0,0,0,0,1,8257
2.56,61.4,58.0,0,0,0,1,0,1,0,0,0,0,0,0,0,1,0,0,0,0,0,0,17186
2.0,63.9,54.0,0,0,0,0,1,0,0,1,0,0,0,0,0,1,0,0,0,0,0,0,18440
2.33,60.7,58.0,0,0,0,1,0,0,0,1,0,0,0,0,0,0,0,0,0,0,0,1,8220
2.19,60.6,57.0,0,0,0,0,1,0,0,1,0,0,0,0,0,1,0,0,0,0,0,0,18475
2.05,59.7,59.0,0,0,0,1,0,0,0,0,0,0,1,0,0,0,0,1,0,0,0,0,17237
2.14,63.0,55.0,0,0,0,0,1,0,0,1,0,0,0,0,0,0,0,1,0,0,0,0,12720
2.0,59.5,61.0,0,0,1,0,0,0,1,0,0,0,0,0,0,0,0,1,0,0,0,0,13892
2.02,61.3,58.0,0,0,0,1,0,0,0,0,0,1,0,0,0,0,0,1,0,0,0,0,13267
2.01,63.4,60.0,0,0,1,0,0,0,0,1,0,0,0,0,0,0,0,1,0,0,0,0,11780
2.03,61.5,54.0,0,0,0,0,1,0,1,0,0,0,0,0,0,0,0,1,0,0,0,0,14061
2.0,63.6,58.0,0,1,0,0,0,0,0,1,0,0,0,0,0,1,0,0,0,0,0,0,16650
2.0,60.8,58.0,0,0,1,0,0,1,0,0,0,0,0,0,0,1,0,0,0,0,0,0,12768
2.38,62.6,59.0,0,0,0,1,0,1,0,0,0,0,0,0,0,0,0,0,1,0,0,0,16273
2.08,63.8,58.0,0,1,0,0,0,0,1,0,0,0,0,0,0,0,0,1,0,0,0,0,14084
2.01,61.2,66.0,1,0,0,0,0,0,0,1,0,0,0,0,0,0,0,1,0,0,0,0,13587
2.1,60.6,60.0,0,0,1,0,0,0,1,0,0,0,0,0,0,0,0,1,0,0,0,0,12612
2.12,62.3,59.0,0,0,1,0,0,0,0,1,0,0,0,0,0,0,0,1,0,0,0,0,16151
2.57,63.0,58.0,0,0,0,1,0,1,0,0,0,0,0,0,0,1,0,0,0,0,0,0,18485
2.0,60.5,60.0,0,0,1,0,0,0,0,0,0,0,1,0,0,0,0,1,0,0,0,0,16064
2.07,62.0,58.0,0,0,0,1,0,0,0,1,0,0,0,0,0,1,0,0,0,0,0,0,13786
2.4,62.0,57.0,0,0,0,0,1,1,0,0,0,0,0,0,0,1,0,0,0,0,0,0,12468
2.09,62.1,58.0,0,0,0,1,0,0,0,1,0,0,0,0,0,0,0,1,0,0,0,0,17156
2.13,61.8,57.0,0,0,0,0,1,0,0,1,0,0,0,0,0,0,0,1,0,0,0,0,15288
2.14,60.7,59.0,0,0,0,1,0,0,1,0,0,0,0,0,0,0,0,0,1,0,0,0,17193
2.01,62.1,55.0,0,0,0,0,1,0,0,1,0,0,0,0,0,1,0,0,0,0,0,0,18295
2.59,61.7,56.0,0,0,0,0,1,1,0,0,0,0,0,0,1,0,0,0,0,0,0,0,16465
2.02,59.0,61.0,0,1,0,0,0,0,0,1,0,0,0,0,0,0,0,1,0,0,0,0,13144
2.24,61.7,57.7,0,0,1,0,0,0,1,0,0,0,0,0,0,0,0,1,0,0,0,0,16558
2.1,61.9,56.0,0,0,0,0,1,0,1,0,0,0,0,0,0,0,0,1,0,0,0,0,15653
2.24,60.3,59.0,0,0,0,0,1,0,0,0,0,1,0,0,0,0,0,1,0,0,0,0,17989
2.01,59.3,63.0,0,0,1,0,0,1,0,0,0,0,0,0,0,0,0,1,0,0,0,0,8949
2.0,61.9,55.0,0,0,0,1,0,1,0,0,0,0,0,0,0,0,0,1,0,0,0,0,11899
2.17,60.4,56.0,0,0,0,0,1,0,1,0,0,0,0,0,0,1,0,0,0,0,0,0,17224
2.14,62.8,57.0,0,0,1,0,0,1,0,0,0,0,0,0,0,0,0,0,1,0,0,0,14065
2.01,60.8,58.0,0,0,0,1,0,1,0,0,0,0,0,0,0,0,0,1,0,0,0,0,12048
2.01,60.7,61.0,0,0,0,1,0,1,0,0,0,0,0,0,0,1,0,0,0,0,0,0,12209
2.0,65.1,54.0,1,0,0,0,0,0,0,0,1,0,0,0,0,0,0,1,0,0,0,0,11156
2.01,62.5,58.0,0,0,0,1,0,0,0,0,1,0,0,0,0,1,0,0,0,0,0,0,17334
2.02,62.2,57.0,0,0,0,0,1,0,1,0,0,0,0,0,0,0,0,1,0,0,0,0,10412
2.06,62.7,57.0,0,0,0,0,1,0,0,0,0,1,0,0,0,0,0,1,0,0,0,0,15970
2.02,63.3,59.0,0,0,1,0,0,0,0,0,1,0,0,0,0,0,0,1,0,0,0,0,13554
2.01,62.8,54.0,0,0,0,0,1,0,0,1,0,0,0,0,0,1,0,0,0,0,0,0,18186
2.01,61.6,55.0,0,0,0,0,1,0,0,0,0,1,0,0,0,0,0,1,0,0,0,0,18183
2.03,63.0,60.0,0,0,1,0,0,0,0,1,0,0,0,0,0,1,0,0,0,0,0,0,18781
2.01,63.0,56.0,0,0,0,0,1,0,0,0,1,0,0,0,0,0,0,1,0,0,0,0,13498
2.09,61.4,60.0,0,0,0,1,0,0,0,1,0,0,0,0,0,0,0,1,0,0,0,0,14581
2.05,61.8,60.0,0,0,1,0,0,0,0,1,0,0,0,0,0,0,0,0,1,0,0,0,18152
2.51,58.4,62.0,0,0,0,0,1,0,1,0,0,0,0,0,0,0,0,1,0,0,0,0,18037
2.42,61.3,59.0,0,0,0,1,0,1,0,0,0,0,0,0,0,0,0,0,1,0,0,0,18615
2.0,63.6,57.0,0,1,0,0,0,0,0,1,0,0,0,0,0,0,0,1,0,0,0,0,13480
2.11,62.2,60.0,0,0,0,1,0,0,0,0,1,0,0,0,0,0,0,1,0,0,0,0,16336
2.27,60.7,59.0,0,0,0,1,0,0,0,1,0,0,0,0,0,0,0,1,0,0,0,0,15783
2.01,61.7,63.0,0,1,0,0,0,0,0,1,0,0,0,0,0,0,0,0,0,0,0,1,7959
2.02,59.3,60.0,0,0,1,0,0,1,0,0,0,0,0,0,0,0,0,0,1,0,0,0,13693
2.51,63.8,55.0,0,0,1,0,0,1,0,0,0,0,0,0,0,1,0,0,0,0,0,0,16842
2.06,58.8,58.0,0,0,0,1,0,0,0,0,0,0,1,0,0,0,0,1,0,0,0,0,14634
2.11,61.0,58.0,0,0,0,1,0,0,0,1,0,0,0,0,0,0,0,1,0,0,0,0,13233
2.31,59.2,61.0,0,0,0,1,0,0,0,1,0,0,0,0,0,0,0,1,0,0,0,0,13831
2.02,62.1,60.0,0,0,0,1,0,1,0,0,0,0,0,0,0,0,0,1,0,0,0,0,11165
2.04,60.3,59.0,0,0,0,1,0,0,0,0,1,0,0,0,0,0,0,1,0,0,0,0,15651
2.07,61.2,58.0,0,0,0,1,0,0,1,0,0,0,0,0,0,0,0,0,1,0,0,0,18359
2.13,62.2,55.0,0,0,0,0,1,0,0,1,0,0,0,0,0,1,0,0,0,0,0,0,18442
2.5,61.9,57.0,0,0,0,0,1,0,1,0,0,0,0,0,0,0,0,0,1,0,0,0,16955
2.14,61.5,59.0,0,0,0,1,0,1,0,0,0,0,0,0,0,0,0,1,0,0,0,0,13326
2.46,59.7,59.0,0,0,0,1,0,0,0,0,0,0,1,0,0,0,0,1,0,0,0,0,10470
2.0,60.3,56.0,0,0,0,0,1,0,0,0,0,1,0,0,0,0,0,0,0,0,0,1,10685
2.51,59.3,61.0,0,0,0,1,0,0,0,1,0,0,0,0,0,0,0,1,0,0,0,0,14543
2.06,60.2,64.0,0,1,0,0,0,0,1,0,0,0,0,0,0,0,0,0,1,0,0,0,15046
2.02,63.3,59.0,0,0,1,0,0,0,1,0,0,0,0,0,0,0,0,1,0,0,0,0,11390
2.03,61.3,59.0,0,0,1,0,0,0,0,0,1,0,0,0,0,1,0,0,0,0,0,0,18257
2.0,58.0,58.0,0,1,0,0,0,0,0,1,0,0,0,0,0,1,0,0,0,0,0,0,17447
2.05,62.5,56.0,0,0,1,0,0,0,0,0,0,0,1,0,0,0,0,1,0,0,0,0,17138
2.05,63.7,61.0,0,1,0,0,0,0,0,0,1,0,0,0,0,0,0,1,0,0,0,0,16148
2.11,60.8,61.0,0,0,1,0,0,1,0,0,0,0,0,0,0,0,0,1,0,0,0,0,12771
2.01,58.6,61.0,0,0,0,1,0,1,0,0,0,0,0,0,0,0,0,0,1,0,0,0,10401
2.16,62.9,55.0,0,0,0,1,0,0,1,0,0,0,0,0,0,1,0,0,0,0,0,0,17313
2.0,59.9,61.0,1,0,0,0,0,0,0,0,0,0,1,0,0,0,0,1,0,0,0,0,15540
2.07,62.0,55.0,0,0,0,0,1,0,1,0,0,0,0,0,0,0,0,1,0,0,0,0,16189
2.05,62.5,60.0,0,0,0,1,0,1,0,0,0,0,0,0,1,0,0,0,0,0,0,0,15109
2.26,61.6,61.0,0,0,1,0,0,0,0,0,0,0,0,1,0,0,0,1,0,0,0,0,18028
2.15,59.7,60.0,0,0,0,1,0,0,0,0,1,0,0,0,0,0,0,1,0,0,0,0,13317
2.61,62.1,56.0,0,0,0,0,1,0,1,0,0,0,0,0,0,0,0,1,0,0,0,0,18756
2.08,58.9,61.0,0,0,0,1,0,0,1,0,0,0,0,0,0,0,0,0,1,0,0,0,18447
2.19,60.3,60.0,0,0,1,0,0,0,1,0,0,0,0,0,0,0,0,1,0,0,0,0,15907
2.01,61.7,60.0,0,0,0,1,0,0,0,1,0,0,0,0,0,1,0,0,0,0,0,0,18188
2.22,60.0,60.0,0,0,0,1,0,1,0,0,0,0,0,0,1,0,0,0,0,0,0,0,18706
2.23,61.7,58.0,0,0,0,1,0,1,0,0,0,0,0,0,1,0,0,0,0,0,0,0,16025
2.05,60.1,58.0,0,0,0,1,0,1,0,0,0,0,0,0,1,0,0,0,0,0,0,0,15067
2.01,62.9,59.0,0,0,0,1,0,0,1,0,0,0,0,0,1,0,0,0,0,0,0,0,18206
2.27,60.5,55.0,0,0,0,0,1,0,1,0,0,0,0,0,0,0,0,1,0,0,0,0,12939
2.02,58.8,57.0,0,0,1,0,0,0,1,0,0,0,0,0,0,0,0,0,1,0,0,0,14620
2.01,62.3,60.0,0,0,0,1,0,0,0,0,1,0,0,0,0,0,0,1,0,0,0,0,15147
2.02,59.9,55.0,0,0,0,1,0,0,0,1,0,0,0,0,0,0,0,1,0,0,0,0,15996
2.01,62.0,60.0,0,0,0,1,0,0,0,0,0,1,0,0,0,0,0,1,0,0,0,0,11903
2.36,60.1,59.0,0,0,0,0,1,1,0,0,0,0,0,0,0,0,0,0,1,0,0,0,17534
2.01,60.1,59.0,0,0,0,1,0,0,1,0,0,0,0,0,0,1,0,0,0,0,0,0,14752
2.03,61.6,55.0,0,0,0,0,1,0,0,0,0,1,0,0,0,0,0,1,0,0,0,0,18578
2.0,60.5,56.0,0,0,0,0,1,0,0,1,0,0,0,0,0,0,0,0,1,0,0,0,13320
2.01,62.1,66.0,1,0,0,0,0,0,0,0,0,0,1,0,0,0,0,1,0,0,0,0,14948
2.01,62.7,59.0,0,0,0,1,0,0,0,1,0,0,0,0,0,1,0,0,0,0,0,0,17849
2.5,65.8,58.0,1,0,0,0,0,0,0,0,0,1,0,0,0,0,0,1,0,0,0,0,17405
2.15,62.8,58.0,0,0,0,1,0,0,0,1,0,0,0,0,0,0,0,1,0,0,0,0,17221
2.08,62.6,58.0,0,0,1,0,0,1,0,0,0,0,0,0,0,1,0,0,0,0,0,0,12637
2.01,62.8,60.0,0,0,1,0,0,0,1,0,0,0,0,0,0,1,0,0,0,0,0,0,14811
2.15,62.6,54.0,0,0,0,0,1,0,0,0,1,0,0,0,0,0,0,1,0,0,0,0,18791
2.0,60.4,60.0,0,0,1,0,0,0,1,0,0,0,0,0,0,0,0,0,1,0,0,0,16459
2.04,61.3,60.0,0,0,0,1,0,0,0,0,1,0,0,0,0,0,0,1,0,0,0,0,12794
2.24,62.1,57.0,0,0,0,0,1,0,1,0,0,0,0,0,0,0,0,1,0,0,0,0,15852
2.17,60.7,59.0,0,0,0,1,0,0,0,0,0,1,0,0,0,0,0,0,0,0,0,1,9078
2.03,63.1,59.0,0,1,0,0,0,0,0,0,0,0,0,1,0,0,0,1,0,0,0,0,13109
2.03,63.1,56.0,0,0,1,0,0,0,0,0,0,0,1,0,0,0,0,1,0,0,0,0,14646
2.03,61.7,59.0,0,0,0,1,0,0,0,1,0,0,0,0,0,1,0,0,0,0,0,0,16747
2.0,63.5,56.0,0,0,1,0,0,0,0,0,1,0,0,0,0,1,0,0,0,0,0,0,18818
2.02,60.8,62.0,0,0,0,1,0,0,0,1,0,0,0,0,0,0,0,0,1,0,0,0,18207
2.6,62.5,56.0,0,0,0,0,1,1,0,0,0,0,0,0,0,0,0,1,0,0,0,0,18369
2.02,59.9,55.0,0,0,1,0,0,0,0,1,0,0,0,0,0,0,0,1,0,0,0,0,15851
2.34,63.9,62.0,0,1,0,0,0,1,0,0,0,0,0,0,0,0,0,0,1,0,0,0,12961
2.42,59.8,59.0,0,0,0,1,0,0,1,0,0,0,0,0,1,0,0,0,0,0,0,0,17262
2.01,63.9,60.0,0,1,0,0,0,0,0,0,1,0,0,0,0,1,0,0,0,0,0,0,17804
2.02,60.8,56.0,0,0,0,0,1,0,0,1,0,0,0,0,0,0,0,1,0,0,0,0,11715
2.0,62.2,57.0,0,0,0,0,1,0,0,0,0,0,1,0,0,0,0,1,0,0,0,0,16650
2.32,62.5,54.5,0,0,0,0,1,1,0,0,0,0,0,0,1,0,0,0,0,0,0,0,17891
2.05,62.4,58.0,0,0,1,0,0,0,0,1,0,0,0,0,0,0,0,1,0,0,0,0,15949
2.06,61.7,58.0,0,0,0,1,0,0,0,0,1,0,0,0,0,0,0,1,0,0,0,0,17012
2.04,63.0,58.0,0,0,0,1,0,1,0,0,0,0,0,0,0,0,0,0,1,0,0,0,13734
2.16,62.7,56.0,0,0,0,0,1,0,1,0,0,0,0,0,1,0,0,0,0,0,0,0,18342
2.0,62.7,58.0,0,0,0,1,0,0,0,1,0,0,0,0,0,0,0,1,0,0,0,0,12168
2.1,63.0,56.0,0,0,0,0,1,0,1,0,0,0,0,0,0,0,0,1,0,0,0,0,10457
2.0,64.3,60.0,0,1,0,0,0,0,0,0,1,0,0,0,0,0,0,1,0,0,0,0,10416
2.13,59.8,58.0,0,0,0,1,0,0,1,0,0,0,0,0,0,0,0,1,0,0,0,0,12980
2.0,63.5,57.0,0,0,1,0,0,0,0,0,1,0,0,0,0,0,0,1,0,0,0,0,9475
2.03,61.2,58.0,0,0,0,1,0,0,1,0,0,0,0,0,0,1,0,0,0,0,0,0,16787
2.31,59.7,60.0,0,0,1,0,0,1,0,0,0,0,0,0,0,0,0,0,1,0,0,0,14830
2.29,61.4,60.0,0,0,0,1,0,1,0,0,0,0,0,0,0,0,0,0,0,1,0,0,18594
2.26,63.3,59.0,0,0,1,0,0,0,0,1,0,0,0,0,0,0,0,1,0,0,0,0,13923
2.11,58.7,60.0,0,0,0,1,0,0,0,0,0,0,0,1,0,0,0,1,0,0,0,0,15198
2.21,60.6,62.0,0,0,0,1,0,1,0,0,0,0,0,0,0,0,0,1,0,0,0,0,12327
2.02,65.6,57.0,1,0,0,0,0,0,0,0,1,0,0,0,0,0,0,0,0,0,0,1,6346
2.24,61.7,58.0,0,0,0,0,1,0,1,0,0,0,0,0,0,0,0,1,0,0,0,0,16709
2.08,62.6,59.0,0,0,0,1,0,0,0,1,0,0,0,0,0,1,0,0,0,0,0,0,17617
2.03,66.6,57.0,1,0,0,0,0,0,0,1,0,0,0,0,0,0,0,0,0,0,0,1,6002
2.14,61.7,58.0,0,0,0,1,0,0,0,1,0,0,0,0,0,0,0,0,1,0,0,0,16390
2.01,62.0,54.0,0,0,1,0,0,0,0,0,0,1,0,0,0,0,0,1,0,0,0,0,17005
2.32,60.3,61.0,0,1,0,0,0,1,0,0,0,0,0,0,0,1,0,0,0,0,0,0,13654
2.14,60.1,58.0,0,0,0,1,0,0,1,0,0,0,0,0,0,0,0,1,0,0,0,0,15915
2.02,59.6,60.0,0,0,0,1,0,0,1,0,0,0,0,0,0,0,0,0,1,0,0,0,16709
2.01,60.8,61.0,0,1,0,0,0,0,0,0,1,0,0,0,0,1,0,0,0,0,0,0,18077
2.01,62.1,59.0,0,0,0,1,0,0,1,0,0,0,0,0,0,0,0,0,1,0,0,0,15520
2.06,61.2,58.0,0,0,0,1,0,1,0,0,0,0,0,0,0,0,0,0,0,0,0,1,5203
2.07,60.6,58.0,0,0,1,0,0,0,1,0,0,0,0,0,0,0,0,0,1,0,0,0,16378
2.25,61.4,54.0,0,0,0,0,1,0,0,0,0,0,1,0,0,0,0,0,0,0,0,1,9072
2.4,62.0,55.0,0,0,0,0,1,0,0,1,0,0,0,0,0,0,0,1,0,0,0,0,18374
2.01,59.4,62.0,0,0,0,1,0,0,0,0,1,0,0,0,0,0,0,1,0,0,0,0,14939
3.02,65.2,56.0,1,0,0,0,0,0,1,0,0,0,0,0,0,0,0,0,0,0,0,1,10577
2.02,61.7,57.0,0,0,0,0,1,0,0,0,1,0,0,0,0,0,0,1,0,0,0,0,17265
2.22,70.1,55.0,1,0,0,0,0,0,0,1,0,0,0,0,0,0,0,0,0,0,0,1,6564
2.01,61.1,60.0,0,0,0,1,0,0,0,1,0,0,0,0,0,1,0,0,0,0,0,0,17849
2.33,61.1,58.0,0,0,0,1,0,1,0,0,0,0,0,0,0,1,0,0,0,0,0,0,11638
2.12,60.6,59.0,0,0,0,1,0,0,1,0,0,0,0,0,0,0,0,1,0,0,0,0,15097
2.03,62.7,57.0,0,0,0,0,1,0,1,0,0,0,0,0,0,0,0,0,1,0,0,0,16945
2.1,63.1,55.0,0,0,0,0,1,0,0,1,0,0,0,0,0,0,0,1,0,0,0,0,18462
2.0,58.6,62.0,0,0,1,0,0,0,1,0,0,0,0,0,0,0,0,0,1,0,0,0,15923
2.01,62.2,61.0,0,0,0,1,0,0,0,1,0,0,0,0,0,0,0,1,0,0,0,0,15673
2.0,58.6,62.0,0,0,0,1,0,0,1,0,0,0,0,0,0,0,0,0,1,0,0,0,16068
2.77,62.6,62.0,0,0,0,1,0,0,0,1,0,0,0,0,0,0,0,0,0,0,0,1,10424
2.0,65.9,58.0,1,0,0,0,0,0,0,1,0,0,0,0,0,0,0,1,0,0,0,0,12554
2.01,61.8,58.0,0,0,0,1,0,0,0,1,0,0,0,0,0,1,0,0,0,0,0,0,17347
2.3,62.7,56.0,0,0,0,1,0,0,0,1,0,0,0,0,0,0,0,1,0,0,0,0,15992
2.0,61.9,59.0,0,0,0,1,0,0,0,0,0,0,0,1,0,0,0,1,0,0,0,0,13098
2.01,61.8,59.0,0,0,0,1,0,0,0,0,1,0,0,0,0,1,0,0,0,0,0,0,15105
2.01,65.0,60.0,1,0,0,0,0,0,0,0,1,0,0,0,0,0,0,1,0,0,0,0,13721
2.01,63.0,59.0,0,0,1,0,0,0,0,1,0,0,0,0,0,0,0,1,0,0,0,0,15773
2.22,60.5,59.0,0,0,0,1,0,0,1,0,0,0,0,0,0,0,0,0,1,0,0,0,14662
2.01,60.9,55.0,0,0,0,0,1,0,0,0,1,0,0,0,0,0,0,1,0,0,0,0,17609
2.13,64.5,58.0,1,0,0,0,0,0,0,1,0,0,0,0,0,0,0,1,0,0,0,0,13370
2.01,62.3,60.0,0,1,0,0,0,0,0,1,0,0,0,0,0,0,0,1,0,0,0,0,14426
2.1,59.9,61.0,0,0,0,1,0,0,1,0,0,0,0,0,0,1,0,0,0,0,0,0,15615
2.01,59.2,62.0,0,0,0,1,0,0,1,0,0,0,0,0,0,0,0,0,1,0,0,0,16778
2.01,61.6,58.0,0,0,0,1,0,0,0,1,0,0,0,0,0,0,0,1,0,0,0,0,16499
2.18,63.4,60.0,0,0,1,0,0,0,0,0,0,1,0,0,0,0,0,1,0,0,0,0,12099
2.01,60.0,64.0,0,1,0,0,0,0,0,0,0,0,1,0,0,0,0,1,0,0,0,0,16733
2.03,60.1,60.0,0,0,0,1,0,0,0,0,1,0,0,0,0,0,0,1,0,0,0,0,17393
2.04,62.6,58.0,0,0,0,1,0,1,0,0,0,0,0,0,1,0,0,0,0,0,0,0,14660
2.06,61.5,56.0,0,0,1,0,0,0,0,0,0,1,0,0,0,0,0,1,0,0,0,0,16603
2.07,64.1,57.0,0,1,0,0,0,0,1,0,0,0,0,0,0,0,0,0,1,0,0,0,15119
2.04,62.9,54.0,0,0,1,0,0,0,1,0,0,0,0,0,0,1,0,0,0,0,0,0,17323
2.14,58.2,61.0,0,0,1,0,0,0,0,0,0,1,0,0,0,0,0,1,0,0,0,0,17582
2.04,59.1,59.0,0,0,0,0,1,1,0,0,0,0,0,0,0,1,0,0,0,0,0,0,12554
2.11,59.9,60.0,0,0,0,1,0,1,0,0,0,0,0,0,0,0,0,0,1,0,0,0,13046
2.07,60.5,60.0,0,0,0,1,0,0,1,0,0,0,0,0,0,0,0,1,0,0,0,0,15055
2.54,63.5,58.0,0,0,1,0,0,0,1,0,0,0,0,0,0,0,0,1,0,0,0,0,15394
2.27,63.6,58.0,0,1,0,0,0,0,0,1,0,0,0,0,0,0,0,1,0,0,0,0,14249
2.01,63.3,59.0,0,0,1,0,0,0,0,0,0,1,0,0,0,0,0,1,0,0,0,0,11925
2.09,60.1,59.0,0,0,0,1,0,0,1,0,0,0,0,0,0,0,0,1,0,0,0,0,10042
2.8,63.8,58.0,0,1,0,0,0,0,0,0,1,0,0,0,0,0,0,1,0,0,0,0,18788
2.16,62.5,54.2,0,0,0,0,1,0,0,0,1,0,0,0,0,0,0,1,0,0,0,0,18001
2.03,59.6,60.0,0,0,0,1,0,0,0,0,1,0,0,0,0,0,0,0,1,0,0,0,18680
2.02,63.5,57.0,0,0,1,0,0,1,0,0,0,0,0,0,0,0,0,1,0,0,0,0,11475
2.16,62.2,56.0,0,0,0,0,1,0,0,1,0,0,0,0,0,0,0,0,0,0,0,1,8709
2.05,60.6,58.0,0,0,0,1,0,0,1,0,0,0,0,0,0,1,0,0,0,0,0,0,16611
2.01,60.3,60.0,0,0,1,0,0,0,0,0,0,1,0,0,0,0,0,1,0,0,0,0,16728
2.03,59.9,60.0,0,0,0,0,1,0,1,0,0,0,0,0,0,0,0,0,1,0,0,0,15826
2.01,61.0,61.0,0,0,0,1,0,0,1,0,0,0,0,0,0,0,0,0,1,0,0,0,16778
2.07,63.3,56.0,0,0,1,0,0,0,0,1,0,0,0,0,0,0,0,1,0,0,0,0,15992
2.04,62.5,61.0,0,0,0,1,0,0,0,1,0,0,0,0,0,1,0,0,0,0,0,0,18115
2.0,63.9,57.0,0,1,0,0,0,0,1,0,0,0,0,0,0,1,0,0,0,0,0,0,12554
2.0,62.0,57.0,0,0,0,0,1,0,1,0,0,0,0,0,1,0,0,0,0,0,0,0,17889
2.03,62.5,56.0,0,0,0,0,1,0,0,0,1,0,0,0,0,0,0,1,0,0,0,0,16505
2.03,61.5,59.0,0,0,0,1,0,0,0,0,0,0,1,0,0,0,0,1,0,0,0,0,18477
2.01,61.3,61.0,0,0,0,1,0,0,0,0,0,1,0,0,0,0,0,1,0,0,0,0,16881
2.15,62.8,58.0,0,0,1,0,0,0,0,1,0,0,0,0,0,0,0,1,0,0,0,0,17065
2.09,63.0,57.0,0,0,0,0,1,0,1,0,0,0,0,0,0,0,0,1,0,0,0,0,14838
2.04,59.8,59.0,0,0,0,1,0,0,1,0,0,0,0,0,0,0,0,1,0,0,0,0,14605
2.05,60.4,58.0,0,0,0,1,0,0,0,0,0,0,0,1,0,1,0,0,0,0,0,0,17776
2.3,61.6,57.0,0,0,0,0,1,0,0,0,1,0,0,0,0,0,0,1,0,0,0,0,15433
2.02,62.3,55.0,0,0,0,0,1,0,1,0,0,0,0,0,0,0,0,1,0,0,0,0,10577
2.01,63.6,59.0,0,1,0,0,0,1,0,0,0,0,0,0,0,1,0,0,0,0,0,0,12257
2.21,60.1,60.0,0,0,0,0,1,0,0,0,1,0,0,0,0,0,0,1,0,0,0,0,15948
2.01,62.8,59.0,0,0,1,0,0,0,1,0,0,0,0,0,1,0,0,0,0,0,0,0,17877
2.01,59.9,65.0,0,1,0,0,0,0,1,0,0,0,0,0,0,0,0,0,1,0,0,0,15729
2.5,60.7,55.0,0,0,0,0,1,1,0,0,0,0,0,0,0,0,0,1,0,0,0,0,15990
2.19,62.0,56.0,0,0,0,0,1,0,0,1,0,0,0,0,0,0,0,1,0,0,0,0,17433
2.01,62.7,58.0,0,0,0,1,0,0,1,0,0,0,0,0,0,0,0,1,0,0,0,0,10558
2.01,62.0,56.0,0,0,0,1,0,0,1,0,0,0,0,0,0,0,0,1,0,0,0,0,12338
2.01,64.1,62.0,0,1,0,0,0,0,1,0,0,0,0,0,0,1,0,0,0,0,0,0,13464
2.01,58.9,59.0,0,0,0,1,0,0,1,0,0,0,0,0,0,1,0,0,0,0,0,0,13755
2.01,67.5,55.0,1,0,0,0,0,0,0,0,1,0,0,0,0,0,0,0,1,0,0,0,17917
2.02,61.7,57.0,0,0,0,0,1,0,1,0,0,0,0,0,0,0,0,1,0,0,0,0,13109
2.03,59.8,56.0,0,0,1,0,0,0,0,0,0,1,0,0,0,0,0,1,0,0,0,0,15811
2.01,62.9,56.0,0,0,0,0,1,0,1,0,0,0,0,0,0,0,0,1,0,0,0,0,13574
2.01,62.6,59.0,0,0,0,1,0,0,0,1,0,0,0,0,0,0,0,0,1,0,0,0,13599
2.25,62.4,61.0,0,1,0,0,0,1,0,0,0,0,0,0,0,1,0,0,0,0,0,0,15287
2.51,64.7,57.0,1,0,0,0,0,0,0,1,0,0,0,0,0,0,0,1,0,0,0,0,18308
2.13,60.7,60.0,0,0,0,1,0,0,0,0,1,0,0,0,0,0,0,1,0,0,0,0,16778
2.02,64.5,57.0,1,0,0,0,0,0,0,1,0,0,0,0,0,0,0,0,1,0,0,0,18565
2.17,55.6,62.0,1,0,0,0,0,0,0,0,1,0,0,0,0,0,0,0,0,0,0,1,6817
2.05,56.9,58.0,0,1,0,0,0,0,0,0,1,0,0,0,0,0,0,0,0,0,0,1,7026
2.02,61.6,56.0,0,0,0,0,1,0,0,1,0,0,0,0,0,0,0,0,1,0,0,0,18050
2.01,60.1,57.0,0,0,0,0,1,0,0,1,0,0,0,0,0,0,0,1,0,0,0,0,15562
2.0,62.3,55.0,0,0,0,0,1,1,0,0,0,0,0,0,0,0,0,0,1,0,0,0,13263
2.02,57.9,63.0,0,1,0,0,0,0,1,0,0,0,0,0,1,0,0,0,0,0,0,0,17533
2.03,62.9,57.0,0,0,0,0,1,0,1,0,0,0,0,0,0,1,0,0,0,0,0,0,15291
2.01,62.5,56.0,0,0,0,0,1,0,1,0,0,0,0,0,1,0,0,0,0,0,0,0,17523
2.0,63.6,57.0,0,0,1,0,0,0,1,0,0,0,0,0,0,1,0,0,0,0,0,0,14057
2.01,59.9,65.0,0,1,0,0,0,0,0,0,0,0,0,1,0,0,0,1,0,0,0,0,16776
2.01,63.5,60.0,0,1,0,0,0,0,1,0,0,0,0,0,0,0,0,1,0,0,0,0,12985
2.02,61.1,58.0,0,0,0,1,0,1,0,0,0,0,0,0,0,0,0,0,1,0,0,0,12832
2.09,62.5,60.0,0,0,1,0,0,0,0,0,0,1,0,0,0,0,0,1,0,0,0,0,16210
2.0,58.0,62.0,0,1,0,0,0,1,0,0,0,0,0,0,0,0,0,0,1,0,0,0,13542
2.08,63.4,59.0,0,0,1,0,0,0,0,1,0,0,0,0,0,0,0,1,0,0,0,0,13206
2.11,61.8,56.2,0,0,0,0,1,1,0,0,0,0,0,0,1,0,0,0,0,0,0,0,15766
2.04,61.7,57.0,0,0,1,0,0,1,0,0,0,0,0,0,0,0,0,1,0,0,0,0,11276
2.0,60.6,62.0,0,0,0,1,0,0,0,0,0,1,0,0,0,0,0,1,0,0,0,0,11198
2.09,60.8,59.0,0,0,0,1,0,0,1,0,0,0,0,0,0,1,0,0,0,0,0,0,15339
2.18,62.0,60.0,0,0,1,0,0,0,0,0,0,0,1,0,0,0,0,0,0,0,0,1,10340
2.04,59.0,57.0,0,0,0,0,1,0,0,0,1,0,0,0,0,1,0,0,0,0,0,0,18663
2.02,62.7,56.9,0,0,0,0,1,1,0,0,0,0,0,0,0,0,0,1,0,0,0,0,11314
2.17,60.7,57.0,0,0,0,0,1,0,1,0,0,0,0,0,0,1,0,0,0,0,0,0,17747
2.01,62.2,61.0,0,1,0,0,0,0,1,0,0,0,0,0,0,1,0,0,0,0,0,0,15371
2.13,59.2,58.0,0,1,0,0,0,0,0,1,0,0,0,0,0,0,0,1,0,0,0,0,16062
2.01,60.0,61.0,0,0,0,1,0,0,1,0,0,0,0,0,0,0,0,1,0,0,0,0,13400
2.24,60.9,58.0,0,0,0,1,0,1,0,0,0,0,0,0,1,0,0,0,0,0,0,0,11970
2.01,59.6,58.0,0,0,1,0,0,0,1,0,0,0,0,0,0,0,0,0,1,0,0,0,16383
2.01,61.1,59.0,0,0,0,1,0,1,0,0,0,0,0,0,0,0,0,0,1,0,0,0,13228
2.03,59.4,59.0,0,0,0,1,0,0,0,1,0,0,0,0,0,0,0,0,0,0,0,1,7421
2.0,59.8,68.0,1,0,0,0,0,0,0,0,0,1,0,0,0,0,0,1,0,0,0,0,12610
2.04,61.0,61.0,0,0,0,1,0,0,1,0,0,0,0,0,0,0,0,0,1,0,0,0,16768
2.29,61.8,59.0,0,0,1,0,0,0,1,0,0,0,0,0,0,1,0,0,0,0,0,0,18068
2.0,58.8,65.0,0,1,0,0,0,0,1,0,0,0,0,0,1,0,0,0,0,0,0,0,15851
2.02,59.0,59.0,0,0,0,1,0,0,1,0,0,0,0,0,0,0,0,0,1,0,0,0,17893
2.07,67.7,56.0,1,0,0,0,0,0,0,0,1,0,0,0,0,0,0,0,0,0,0,1,6503
2.02,59.8,60.0,0,0,0,0,1,1,0,0,0,0,0,0,0,1,0,0,0,0,0,0,12713
2.24,62.5,59.0,0,0,0,1,0,0,1,0,0,0,0,0,0,0,0,1,0,0,0,0,16097
2.01,62.8,59.0,0,1,0,0,0,0,0,1,0,0,0,0,0,1,0,0,0,0,0,0,14968
2.05,60.2,59.0,0,0,0,1,0,0,0,0,0,1,0,0,0,0,0,1,0,0,0,0,18784
2.03,62.7,57.0,0,0,0,0,1,0,1,0,0,0,0,0,0,0,0,0,1,0,0,0,16792
2.02,63.0,60.0,0,0,0,1,0,0,0,1,0,0,0,0,0,1,0,0,0,0,0,0,13453
2.09,57.2,64.0,0,1,0,0,0,1,0,0,0,0,0,0,0,0,0,0,1,0,0,0,11576
2.01,64.0,51.0,0,1,0,0,0,0,0,1,0,0,0,0,0,0,0,1,0,0,0,0,15888
2.0,62.6,57.0,0,0,0,0,1,0,0,0,0,0,1,0,0,1,0,0,0,0,0,0,16650
2.22,59.2,59.0,0,0,0,1,0,0,0,0,0,1,0,0,0,0,0,1,0,0,0,0,13553
2.03,60.5,62.0,0,0,0,1,0,0,1,0,0,0,0,0,0,0,0,0,1,0,0,0,16483
2.03,63.8,63.0,0,1,0,0,0,0,1,0,0,0,0,0,0,0,0,1,0,0,0,0,9651
2.01,60.7,56.0,0,0,1,0,0,0,0,1,0,0,0,0,0,0,0,0,1,0,0,0,18561
2.52,63.2,58.0,0,0,1,0,0,0,0,0,1,0,0,0,0,0,0,1,0,0,0,0,17689
2.03,62.6,55.0,0,0,0,0,1,0,1,0,0,0,0,0,0,1,0,0,0,0,0,0,14548
2.01,65.3,56.0,1,0,0,0,0,0,0,1,0,0,0,0,0,0,0,1,0,0,0,0,10772
2.2,63.3,58.0,0,0,1,0,0,0,0,1,0,0,0,0,0,0,0,0,1,0,0,0,16239
2.03,62.4,59.0,0,0,1,0,0,0,0,0,0,0,0,1,0,0,0,1,0,0,0,0,18120
2.01,62.8,58.0,0,0,0,1,0,0,0,1,0,0,0,0,0,0,0,0,1,0,0,0,13342
2.08,63.8,58.0,0,1,0,0,0,0,1,0,0,0,0,0,0,0,0,1,0,0,0,0,13956
2.22,58.7,60.0,0,0,1,0,0,1,0,0,0,0,0,0,0,1,0,0,0,0,0,0,13782
2.19,60.8,60.0,0,0,0,1,0,0,1,0,0,0,0,0,0,0,0,1,0,0,0,0,15032
2.07,61.2,57.0,0,0,0,0,1,0,1,0,0,0,0,0,0,1,0,0,0,0,0,0,14857
2.0,66.5,56.0,1,0,0,0,0,0,0,0,1,0,0,0,0,0,0,1,0,0,0,0,14208
2.07,62.7,58.0,0,0,0,1,0,0,0,1,0,0,0,0,0,1,0,0,0,0,0,0,13993
2.01,58.9,60.0,0,0,0,1,0,0,0,0,0,0,1,0,0,0,0,1,0,0,0,0,17179
2.14,61.9,57.0,0,0,0,0,1,0,0,1,0,0,0,0,0,0,0,1,0,0,0,0,12400
2.13,62.1,55.0,0,0,0,0,1,1,0,0,0,0,0,0,0,0,0,0,1,0,0,0,15258
2.63,62.1,57.0,0,0,0,0,1,1,0,0,0,0,0,0,0,0,0,1,0,0,0,0,16914
2.14,61.5,59.0,0,0,0,1,0,1,0,0,0,0,0,0,0,0,0,1,0,0,0,0,13205
2.0,62.9,56.0,0,0,1,0,0,0,0,0,0,0,1,0,0,0,0,1,0,0,0,0,16064
2.22,62.9,59.0,0,0,1,0,0,0,1,0,0,0,0,0,0,0,0,1,0,0,0,0,15047
3.22,62.6,55.0,0,0,0,0,1,0,1,0,0,0,0,0,0,0,0,0,0,0,0,1,12545
2.06,62.7,58.0,0,0,0,1,0,0,0,0,1,0,0,0,0,0,0,1,0,0,0,0,17650
2.0,63.1,56.0,0,0,1,0,0,0,1,0,0,0,0,0,0,0,0,1,0,0,0,0,9435
2.0,63.0,58.0,0,0,0,1,0,1,0,0,0,0,0,0,1,0,0,0,0,0,0,0,9296
2.01,62.5,56.0,0,1,0,0,0,0,1,0,0,0,0,0,1,0,0,0,0,0,0,0,17365
2.13,62.6,58.0,0,0,0,1,0,1,0,0,0,0,0,0,0,0,0,1,0,0,0,0,13148
2.11,60.3,61.0,0,0,0,0,1,0,1,0,0,0,0,0,0,0,0,0,1,0,0,0,16512
2.24,62.1,53.6,0,0,0,0,1,0,1,0,0,0,0,0,0,0,0,1,0,0,0,0,15730
2.53,62.6,57.0,0,0,0,1,0,1,0,0,0,0,0,0,0,0,0,1,0,0,0,0,16934
2.01,60.2,58.0,0,0,0,1,0,0,0,1,0,0,0,0,0,1,0,0,0,0,0,0,14502
2.19,62.4,61.0,0,0,1,0,0,0,0,0,0,0,1,0,0,0,0,1,0,0,0,0,18067
2.05,62.0,58.0,0,0,0,1,0,0,1,0,0,0,0,0,0,0,0,1,0,0,0,0,9850
2.03,62.0,57.0,0,0,0,0,1,0,0,0,1,0,0,0,0,1,0,0,0,0,0,0,14637
2.01,62.3,59.0,0,0,0,1,0,0,1,0,0,0,0,0,0,0,0,1,0,0,0,0,12182
2.04,61.2,56.0,0,0,0,0,1,0,0,1,0,0,0,0,0,0,0,1,0,0,0,0,15874
2.63,62.3,61.0,0,0,1,0,0,1,0,0,0,0,0,0,0,0,0,0,0,0,0,1,10437
2.01,60.1,60.0,0,0,0,1,0,0,0,0,1,0,0,0,0,0,0,1,0,0,0,0,17403
2.02,62.5,54.0,0,0,0,0,1,0,0,1,0,0,0,0,0,1,0,0,0,0,0,0,17245
2.01,61.4,56.0,0,0,0,1,0,0,0,1,0,0,0,0,0,1,0,0,0,0,0,0,18295
2.0,63.6,60.0,0,1,0,0,0,0,1,0,0,0,0,0,0,0,0,0,1,0,0,0,16291
2.01,62.4,61.0,0,0,0,1,0,0,1,0,0,0,0,0,0,1,0,0,0,0,0,0,15707
2.01,61.8,59.0,0,0,0,1,0,0,0,0,0,0,0,1,0,0,0,1,0,0,0,0,17235
2.06,58.7,61.0,0,0,0,1,0,0,0,0,0,1,0,0,0,0,0,0,0,0,0,1,9967
2.46,62.3,57.0,0,0,0,0,1,1,0,0,0,0,0,0,0,0,0,1,0,0,0,0,16466
2.02,62.6,59.0,0,0,0,1,0,0,0,1,0,0,0,0,0,0,0,1,0,0,0,0,13850
2.03,61.8,56.0,0,0,0,0,1,0,0,1,0,0,0,0,0,0,0,1,0,0,0,0,15143
2.15,62.9,57.0,0,0,0,1,0,0,0,1,0,0,0,0,0,0,0,0,0,0,0,1,6357
2.12,62.6,59.0,0,0,0,1,0,0,0,0,1,0,0,0,0,0,0,1,0,0,0,0,18164
2.02,62.7,59.0,0,0,1,0,0,0,0,1,0,0,0,0,0,0,0,1,0,0,0,0,15666
2.14,62.2,57.0,0,0,0,0,1,0,1,0,0,0,0,0,0,0,0,0,1,0,0,0,13844
2.01,61.5,60.0,0,0,1,0,0,0,0,1,0,0,0,0,0,1,0,0,0,0,0,0,17003
2.02,62.2,57.0,0,0,0,0,1,1,0,0,0,0,0,0,0,1,0,0,0,0,0,0,13132
2.14,59.3,59.0,0,0,0,1,0,0,1,0,0,0,0,0,0,0,0,0,1,0,0,0,15559
2.48,60.1,58.0,0,0,0,1,0,0,1,0,0,0,0,0,0,0,0,0,1,0,0,0,16820
2.06,63.3,54.0,0,0,0,0,1,0,1,0,0,0,0,0,0,0,0,1,0,0,0,0,14505
2.0,63.3,56.0,0,0,1,0,0,0,1,0,0,0,0,0,0,0,0,0,1,0,0,0,16694
2.16,61.9,54.0,0,0,0,0,1,0,1,0,0,0,0,0,0,0,0,1,0,0,0,0,15124
2.11,62.0,60.0,0,0,0,1,0,1,0,0,0,0,0,0,0,0,0,1,0,0,0,0,11663
2.25,62.4,56.0,0,0,0,0,1,0,0,1,0,0,0,0,0,1,0,0,0,0,0,0,14348
2.03,62.1,57.0,0,0,0,0,1,1,0,0,0,0,0,0,0,0,0,1,0,0,0,0,12716
2.31,62.9,58.0,0,0,1,0,0,0,1,0,0,0,0,0,0,0,0,1,0,0,0,0,17062
2.01,61.1,59.0,0,0,1,0,0,1,0,0,0,0,0,0,0,0,0,0,1,0,0,0,13109
2.48,62.3,57.0,0,0,0,0,1,0,1,0,0,0,0,0,0,0,0,1,0,0,0,0,12883
2.01,62.7,60.0,0,0,1,0,0,0,0,1,0,0,0,0,0,0,0,1,0,0,0,0,14768
2.36,62.2,55.0,0,0,0,0,1,0,0,1,0,0,0,0,0,0,0,1,0,0,0,0,17569
2.06,60.1,58.0,0,0,0,1,0,0,1,0,0,0,0,0,0,0,0,1,0,0,0,0,14982
2.07,62.1,59.0,0,0,1,0,0,0,0,1,0,0,0,0,0,1,0,0,0,0,0,0,17893
2.0,61.8,56.0,0,0,0,1,0,0,1,0,0,0,0,0,0,0,0,0,1,0,0,0,17716
2.01,61.0,57.0,0,0,1,0,0,1,0,0,0,0,0,0,0,0,0,1,0,0,0,0,11110
2.0,65.5,58.0,1,0,0,0,0,0,0,0,1,0,0,0,0,1,0,0,0,0,0,0,11935
2.02,60.8,60.0,0,0,1,0,0,0,0,1,0,0,0,0,0,0,0,1,0,0,0,0,14498
2.22,61.2,63.0,0,0,1,0,0,1,0,0,0,0,0,0,0,0,0,1,0,0,0,0,10662
2.31,58.8,58.0,0,0,0,1,0,0,1,0,0,0,0,0,0,0,0,1,0,0,0,0,17000
2.01,66.7,56.0,0,0,0,0,1,0,1,0,0,0,0,0,0,0,0,0,1,0,0,0,15729
2.01,62.6,58.0,0,0,0,1,0,0,0,1,0,0,0,0,0,0,0,0,1,0,0,0,15395
2.22,57.8,58.0,0,1,0,0,0,0,1,0,0,0,0,0,0,1,0,0,0,0,0,0,17151
2.2,66.3,56.0,1,0,0,0,0,0,1,0,0,0,0,0,0,0,0,0,0,0,0,1,7934
2.3,60.6,59.0,0,0,0,1,0,0,0,1,0,0,0,0,0,0,0,1,0,0,0,0,14042
2.09,60.0,60.0,0,0,0,1,0,1,0,0,0,0,0,0,0,0,0,1,0,0,0,0,13092
2.01,63.2,58.0,0,1,0,0,0,0,0,1,0,0,0,0,0,1,0,0,0,0,0,0,15919
2.54,62.7,56.0,0,0,0,0,1,0,0,0,1,0,0,0,0,0,0,1,0,0,0,0,17339
2.06,58.4,55.0,0,0,0,1,0,0,1,0,0,0,0,0,1,0,0,0,0,0,0,0,15393
2.12,60.7,55.0,0,0,1,0,0,0,0,1,0,0,0,0,0,1,0,0,0,0,0,0,18118
2.01,59.5,59.0,0,0,0,1,0,0,0,0,0,1,0,0,0,0,0,1,0,0,0,0,15841
2.0,66.0,56.0,1,0,0,0,0,0,0,1,0,0,0,0,1,0,0,0,0,0,0,0,14199
2.01,62.3,58.0,0,0,0,0,1,0,1,0,0,0,0,0,0,1,0,0,0,0,0,0,14540
2.05,61.7,54.9,0,0,0,0,1,1,0,0,0,0,0,0,0,0,0,0,1,0,0,0,14111
2.01,60.5,61.0,0,0,1,0,0,0,0,1,0,0,0,0,0,0,0,1,0,0,0,0,16140
2.02,62.0,56.0,0,0,0,0,1,1,0,0,0,0,0,0,0,0,0,0,1,0,0,0,12832
2.19,61.6,58.0,0,0,0,1,0,0,0,1,0,0,0,0,0,1,0,0,0,0,0,0,17016
2.0,61.7,55.0,0,0,0,0,1,0,0,0,1,0,0,0,0,1,0,0,0,0,0,0,13675
2.06,62.0,57.0,0,0,1,0,0,1,0,0,0,0,0,0,0,1,0,0,0,0,0,0,11764
2.01,60.8,61.0,0,0,0,1,0,0,0,0,1,0,0,0,0,0,0,1,0,0,0,0,12260
2.01,58.4,59.0,0,0,0,1,0,0,0,0,0,1,0,0,0,0,0,1,0,0,0,0,13610
2.42,58.5,59.0,0,0,0,1,0,1,0,0,0,0,0,0,0,0,0,1,0,0,0,0,16198
2.32,61.2,58.0,0,0,0,1,0,0,1,0,0,0,0,0,0,1,0,0,0,0,0,0,18026
2.02,59.7,56.0,0,0,0,1,0,1,0,0,0,0,0,0,0,0,0,1,0,0,0,0,9728
2.04,61.8,60.0,0,0,1,0,0,0,1,0,0,0,0,0,1,0,0,0,0,0,0,0,18127
2.01,57.6,63.0,0,1,0,0,0,0,0,1,0,0,0,0,1,0,0,0,0,0,0,0,18340
2.14,62.3,59.0,0,0,1,0,0,1,0,0,0,0,0,0,0,1,0,0,0,0,0,0,14556
2.04,58.8,60.0,0,0,0,1,0,0,1,0,0,0,0,0,0,1,0,0,0,0,0,0,14775
2.17,62.2,59.0,0,0,0,1,0,0,0,0,0,0,0,1,0,0,0,1,0,0,0,0,16472
2.01,61.5,60.0,0,0,0,1,0,0,1,0,0,0,0,0,0,1,0,0,0,0,0,0,16499
2.01,62.9,62.0,0,0,1,0,0,0,1,0,0,0,0,0,1,0,0,0,0,0,0,0,16914
2.01,60.3,60.0,0,1,0,0,0,0,0,0,1,0,0,0,0,1,0,0,0,0,0,0,18625
2.33,63.9,60.0,0,1,0,0,0,0,0,0,1,0,0,0,0,0,0,1,0,0,0,0,13242
2.0,59.7,61.0,0,0,1,0,0,0,0,1,0,0,0,0,0,0,0,1,0,0,0,0,15312
2.01,61.8,61.0,0,0,0,1,0,1,0,0,0,0,0,0,0,0,0,0,1,0,0,0,12541
2.04,63.4,55.0,0,0,1,0,0,1,0,0,0,0,0,0,0,0,0,1,0,0,0,0,9482
2.18,61.9,60.0,0,0,0,1,0,0,0,0,1,0,0,0,0,0,0,1,0,0,0,0,17841
2.01,58.1,63.0,0,0,1,0,0,0,0,1,0,0,0,0,0,0,0,0,0,0,0,1,6592
2.01,60.9,60.0,0,0,1,0,0,0,1,0,0,0,0,0,0,0,0,1,0,0,0,0,13488
2.07,61.5,59.0,0,0,0,1,0,1,0,0,0,0,0,0,0,0,0,0,1,0,0,0,13675
2.01,55.9,64.0,1,0,0,0,0,0,1,0,0,0,0,0,0,0,0,0,0,0,0,1,5696
2.25,64.9,58.0,1,0,0,0,0,0,0,0,1,0,0,0,0,0,0,0,0,0,0,1,7069
2.02,60.1,60.0,0,0,1,0,0,0,0,0,0,1,0,0,0,1,0,0,0,0,0,0,17658
2.02,61.7,57.0,0,0,0,0,1,0,0,1,0,0,0,0,0,1,0,0,0,0,0,0,17882
2.18,59.1,60.0,0,0,0,1,0,0,0,1,0,0,0,0,0,0,0,1,0,0,0,0,17473
2.06,59.3,61.0,0,0,0,1,0,0,0,0,1,0,0,0,0,1,0,0,0,0,0,0,13317
